CATEGORY,TYPE,NAME,REVISION,DESCRIPTION,NOTES,DESIGNATOR [str],VALUE [str],SYMBOL [str],FOOTPRINT [str],PACKAGE [str],HEIGHT [mm],IRATED [A],VBREAKACMAX [VAC],VBREAKDCMAX [VDC],IBREAKAC [AAC],IBREAKDC [ADC],I2T [A2S],BLOWCHARACTERISTIC [str],RCOLD [Ω],TMIN [°C],TMAX [°C],SOLDER_TECHNOLOGY [str],IEC61709 [int],OTHERPROPERTIES [str],CREATED [str],VERIFIED [str],KICAD_VISIBILITY [str],MANUFACTURER,MPN,DATASHEET_LINK,DATASHEET_REVISION,SUBSTANCES,SUPPLIER1_NAME,SUPPLIER1_SKP,SUPPLIER1_STATUS,RELATEDPARTS
Passive Component / Fuse,generic,F_0402_250mA_32V_FAST_generic,0,generic Fuse 250 mA 0402 32 V FAST,,F,250 mA,Device:Fuse,Fuse:Fuse_0402_1005Metric,0402,0.33 mm,250 mA,,32 V,,50A@32VDC,0.0025,FAST,0.36,- 55°C,90°C,SMT,,,2025-08-06 / BLU,,"VBREAKDCMAX, PACKAGE, BLOWCHARACTERISTIC",,,,,,,,,"F_0402_250mA_32V_FAST_LittelfuseInc_0435250KRHFS, F_0402_250mA_32V_FAST_BournsInc_SF0402FP025F2, F_0402_250mA_32V_FAST_BelFuseInc_0ABA0250TN"
Passive Component / Fuse,specific,F_0402_250mA_32V_FAST_LittelfuseInc_0435250KRHFS,0,Fuse 250 mA 0402 32 V FAST,,F,250 mA,Device:Fuse,Fuse:Fuse_0402_1005Metric,0402,0.33 mm,250 mA,,32 V,,50A@32VDC,0.0025,FAST,0.36,- 55°C,90°C,SMT,,,2025-08-06 / BLU,,,Littelfuse Inc.,0435.250KRHFS,https://www.littelfuse.com/assetdocs/fuse-435-datasheet?assetguid=ba93a49a-a7f2-4cd2-b159-afff91cc8ffd,,,DIGIKEY,F10781CT-ND,ACTIVE,
Passive Component / Fuse,specific,F_0402_250mA_32V_FAST_BournsInc_SF0402FP025F2,0,Fuse 250 mA 0402 32 V FAST,,F,250 mA,Device:Fuse,Fuse:Fuse_0402_1005Metric,0402,0.33 mm,250 mA,,32 V,,50A@32VDC,0.0025,FAST,0.36,- 55°C,90°C,SMT,,,2025-08-06 / BLU,,,Bourns Inc.,SF-0402FP025F-2,https://bourns.com/docs/product-datasheets/sf-0402fp-f.pdf?sfvrsn=ea2776f6_23,,,DIGIKEY,SF-0402FP025F-2CT-ND,ACTIVE,
Passive Component / Fuse,specific,F_0402_250mA_32V_FAST_BelFuseInc_0ABA0250TN,0,Fuse 250 mA 0402 32 V FAST,,F,250 mA,Device:Fuse,Fuse:Fuse_0402_1005Metric,0402,0.33 mm,250 mA,,32 V,,50A@32VDC,0.0025,FAST,0.36,- 55°C,90°C,SMT,,,2025-08-06 / BLU,,,Bel Fuse Inc.,0ABA-0250-TN,https://belfuse.com/media/datasheets/products/circuit-protection/ds-cp-0aba-series.pdf,,,DIGIKEY,5923-0ABA-0250-TNCT-ND,ACTIVE,
Passive Component / Fuse,generic,F_0402_375mA_32V_FAST_generic,0,generic Fuse 375 mA 0402 32 V FAST,,F,375 mA,Device:Fuse,Fuse:Fuse_0402_1005Metric,0402,0.33 mm,375 mA,,32 V,,50A@32VDC,0.0035,FAST,0.193,- 55°C,90°C,SMT,,,2025-08-06 / BLU,,"VBREAKDCMAX, PACKAGE, BLOWCHARACTERISTIC",,,,,,,,,"F_0402_375mA_32V_FAST_LittelfuseInc_0435375KRHF, F_0402_375mA_32V_FAST_BournsInc_SF0402FP0375F2, F_0402_375mA_32V_FAST_BelFuseInc_0ABA0315TN"
Passive Component / Fuse,specific,F_0402_375mA_32V_FAST_LittelfuseInc_0435375KRHF,0,Fuse 375 mA 0402 32 V FAST,,F,375 mA,Device:Fuse,Fuse:Fuse_0402_1005Metric,0402,0.33 mm,375 mA,,32 V,,50A@32VDC,0.0035,FAST,0.193,- 55°C,90°C,SMT,,,2025-08-06 / BLU,,,Littelfuse Inc.,0435.375KRHF,https://www.littelfuse.com/assetdocs/fuse-435-datasheet?assetguid=ba93a49a-a7f2-4cd2-b159-afff91cc8ffd,,,DIGIKEY,F11406CT-ND,ACTIVE,
Passive Component / Fuse,specific,F_0402_375mA_32V_FAST_BournsInc_SF0402FP0375F2,0,Fuse 375 mA 0402 32 V FAST,,F,375 mA,Device:Fuse,Fuse:Fuse_0402_1005Metric,0402,0.33 mm,375 mA,,32 V,,50A@32VDC,0.0035,FAST,0.193,- 55°C,90°C,SMT,,,2025-08-06 / BLU,,,Bourns Inc.,SF-0402FP0375F-2,https://bourns.com/docs/product-datasheets/sf-0402fp-f.pdf?sfvrsn=ea2776f6_23,,,DIGIKEY,SF-0402FP0375F-2CT-ND,ACTIVE,
Passive Component / Fuse,specific,F_0402_375mA_32V_FAST_BelFuseInc_0ABA0315TN,0,Fuse 375 mA 0402 32 V FAST,,F,375 mA,Device:Fuse,Fuse:Fuse_0402_1005Metric,0402,0.33 mm,375 mA,,32 V,,50A@32VDC,0.0035,FAST,0.193,- 55°C,90°C,SMT,,,2025-08-06 / BLU,,,Bel Fuse Inc.,0ABA-0315-TN,https://belfuse.com/media/datasheets/products/circuit-protection/ds-cp-0aba-series.pdf,,,DIGIKEY,5923-0ABA-0315-TNCT-ND,ACTIVE,
Passive Component / Fuse,generic,F_0402_500mA_32V_FAST_generic,0,generic Fuse 500 mA 0402 32 V FAST,,F,500 mA,Device:Fuse,Fuse:Fuse_0402_1005Metric,0402,0.33 mm,500 mA,,32 V,,50A@32VDC,0.0053,FAST,0.16,- 55°C,90°C,SMT,,,2025-08-06 / BLU,,"VBREAKDCMAX, PACKAGE, BLOWCHARACTERISTIC",,,,,,,,,"F_0402_500mA_32V_FAST_LittelfuseInc_0435500KRHF, F_0402_500mA_32V_FAST_BournsInc_SF0402FP050F2, F_0402_500mA_32V_FAST_BelFuseInc_0ABA0375TN"
Passive Component / Fuse,specific,F_0402_500mA_32V_FAST_LittelfuseInc_0435500KRHF,0,Fuse 500 mA 0402 32 V FAST,,F,500 mA,Device:Fuse,Fuse:Fuse_0402_1005Metric,0402,0.33 mm,500 mA,,32 V,,50A@32VDC,0.0053,FAST,0.16,- 55°C,90°C,SMT,,,2025-08-06 / BLU,,,Littelfuse Inc.,0435.500KRHF,https://www.littelfuse.com/assetdocs/fuse-435-datasheet?assetguid=ba93a49a-a7f2-4cd2-b159-afff91cc8ffd,,,DIGIKEY,F11407CT-ND,ACTIVE,
Passive Component / Fuse,specific,F_0402_500mA_32V_FAST_BournsInc_SF0402FP050F2,0,Fuse 500 mA 0402 32 V FAST,,F,500 mA,Device:Fuse,Fuse:Fuse_0402_1005Metric,0402,0.33 mm,500 mA,,32 V,,50A@32VDC,0.0053,FAST,0.16,- 55°C,90°C,SMT,,,2025-08-06 / BLU,,,Bourns Inc.,SF-0402FP050F-2,https://bourns.com/docs/product-datasheets/sf-0402fp-f.pdf?sfvrsn=ea2776f6_23,,,DIGIKEY,SF-0402FP050F-2CT-ND,ACTIVE,
Passive Component / Fuse,specific,F_0402_500mA_32V_FAST_BelFuseInc_0ABA0375TN,0,Fuse 500 mA 0402 32 V FAST,,F,500 mA,Device:Fuse,Fuse:Fuse_0402_1005Metric,0402,0.33 mm,500 mA,,32 V,,50A@32VDC,0.0053,FAST,0.16,- 55°C,90°C,SMT,,,2025-08-06 / BLU,,,Bel Fuse Inc.,0ABA-0375-TN,https://belfuse.com/media/datasheets/products/circuit-protection/ds-cp-0aba-series.pdf,,,DIGIKEY,5923-0ABA-0375-TNCT-ND,ACTIVE,
Passive Component / Fuse,generic,F_0402_750mA_32V_FAST_generic,0,generic Fuse 750 mA 0402 32 V FAST,,F,750 mA,Device:Fuse,Fuse:Fuse_0402_1005Metric,0402,0.33 mm,750 mA,,32 V,,50A@32VDC,0.012,FAST,0.105,- 55°C,90°C,SMT,,,2025-08-06 / BLU,,"VBREAKDCMAX, PACKAGE, BLOWCHARACTERISTIC",,,,,,,,,"F_0402_750mA_32V_FAST_LittelfuseInc_0435750KRHF, F_0402_750mA_32V_FAST_BournsInc_SF0402FP075F2, F_0402_750mA_32V_FAST_BelFuseInc_0ABA0500TN"
Passive Component / Fuse,specific,F_0402_750mA_32V_FAST_LittelfuseInc_0435750KRHF,0,Fuse 750 mA 0402 32 V FAST,,F,750 mA,Device:Fuse,Fuse:Fuse_0402_1005Metric,0402,0.33 mm,750 mA,,32 V,,50A@32VDC,0.012,FAST,0.105,- 55°C,90°C,SMT,,,2025-08-06 / BLU,,,Littelfuse Inc.,0435.750KRHF,https://www.littelfuse.com/assetdocs/fuse-435-datasheet?assetguid=ba93a49a-a7f2-4cd2-b159-afff91cc8ffd,,,DIGIKEY,F11408CT-ND,ACTIVE,
Passive Component / Fuse,specific,F_0402_750mA_32V_FAST_BournsInc_SF0402FP075F2,0,Fuse 750 mA 0402 32 V FAST,,F,750 mA,Device:Fuse,Fuse:Fuse_0402_1005Metric,0402,0.33 mm,750 mA,,32 V,,50A@32VDC,0.012,FAST,0.105,- 55°C,90°C,SMT,,,2025-08-06 / BLU,,,Bourns Inc.,SF-0402FP075F-2,https://bourns.com/docs/product-datasheets/sf-0402fp-f.pdf?sfvrsn=ea2776f6_23,,,DIGIKEY,SF-0402FP075F-2CT-ND,ACTIVE,
Passive Component / Fuse,specific,F_0402_750mA_32V_FAST_BelFuseInc_0ABA0500TN,0,Fuse 750 mA 0402 32 V FAST,,F,750 mA,Device:Fuse,Fuse:Fuse_0402_1005Metric,0402,0.33 mm,750 mA,,32 V,,50A@32VDC,0.012,FAST,0.105,- 55°C,90°C,SMT,,,2025-08-06 / BLU,,,Bel Fuse Inc.,0ABA-0500-TN,https://belfuse.com/media/datasheets/products/circuit-protection/ds-cp-0aba-series.pdf,,,DIGIKEY,5923-0ABA-0500-TNCT-ND,ACTIVE,
Passive Component / Fuse,generic,F_0402_1A_32V_FAST_generic,0,generic Fuse 1 A 0402 32 V FAST,,F,1 A,Device:Fuse,Fuse:Fuse_0402_1005Metric,0402,0.33 mm,1 A,,32 V,,50A@32VDC,0.02,FAST,0.073,- 55°C,90°C,SMT,,,2025-08-06 / BLU,,"VBREAKDCMAX, PACKAGE, BLOWCHARACTERISTIC",,,,,,,,,"F_0402_1A_32V_FAST_LittelfuseInc_0435001KRHF, F_0402_1A_32V_FAST_BournsInc_SF0402FP100F2, F_0402_1A_32V_FAST_BelFuseInc_0ABA0750TN"
Passive Component / Fuse,specific,F_0402_1A_32V_FAST_LittelfuseInc_0435001KRHF,0,Fuse 1 A 0402 32 V FAST,,F,1 A,Device:Fuse,Fuse:Fuse_0402_1005Metric,0402,0.33 mm,1 A,,32 V,,50A@32VDC,0.02,FAST,0.073,- 55°C,90°C,SMT,,,2025-08-06 / BLU,,,Littelfuse Inc.,0435001.KRHF,https://www.littelfuse.com/assetdocs/fuse-435-datasheet?assetguid=ba93a49a-a7f2-4cd2-b159-afff91cc8ffd,,,DIGIKEY,F10782CT-ND,ACTIVE,
Passive Component / Fuse,specific,F_0402_1A_32V_FAST_BournsInc_SF0402FP100F2,0,Fuse 1 A 0402 32 V FAST,,F,1 A,Device:Fuse,Fuse:Fuse_0402_1005Metric,0402,0.33 mm,1 A,,32 V,,50A@32VDC,0.02,FAST,0.073,- 55°C,90°C,SMT,,,2025-08-06 / BLU,,,Bourns Inc.,SF-0402FP100F-2,https://bourns.com/docs/product-datasheets/sf-0402fp-f.pdf?sfvrsn=ea2776f6_23,,,DIGIKEY,SF-0402FP100F-2CT-ND,ACTIVE,
Passive Component / Fuse,specific,F_0402_1A_32V_FAST_BelFuseInc_0ABA0750TN,0,Fuse 1 A 0402 32 V FAST,,F,1 A,Device:Fuse,Fuse:Fuse_0402_1005Metric,0402,0.33 mm,1 A,,32 V,,50A@32VDC,0.02,FAST,0.073,- 55°C,90°C,SMT,,,2025-08-06 / BLU,,,Bel Fuse Inc.,0ABA-0750-TN,https://belfuse.com/media/datasheets/products/circuit-protection/ds-cp-0aba-series.pdf,,,DIGIKEY,5923-0ABA-0750-TNCT-ND,ACTIVE,
Passive Component / Fuse,generic,F_0402_1.25A_32V_FAST_generic,0,generic Fuse 1.25 A 0402 32 V FAST,,F,1.25 A,Device:Fuse,Fuse:Fuse_0402_1005Metric,0402,0.33 mm,1.25 A,,32 V,,50A@32VDC,0.035,FAST,0.06,- 55°C,90°C,SMT,,,2025-08-06 / BLU,,"VBREAKDCMAX, PACKAGE, BLOWCHARACTERISTIC",,,,,,,,,"F_0402_1.25A_32V_FAST_LittelfuseInc_0435125KRHF, F_0402_1.25A_32V_FAST_BournsInc_SF0402FP125F2, F_0402_1.25A_32V_FAST_BelFuseInc_0ABA1000TN"
Passive Component / Fuse,specific,F_0402_1.25A_32V_FAST_LittelfuseInc_0435125KRHF,0,Fuse 1.25 A 0402 32 V FAST,,F,1.25 A,Device:Fuse,Fuse:Fuse_0402_1005Metric,0402,0.33 mm,1.25 A,,32 V,,50A@32VDC,0.035,FAST,0.06,- 55°C,90°C,SMT,,,2025-08-06 / BLU,,,Littelfuse Inc.,04351.25KRHF,https://www.littelfuse.com/assetdocs/fuse-435-datasheet?assetguid=ba93a49a-a7f2-4cd2-b159-afff91cc8ffd,,,DIGIKEY,04351.25KRHF-ND,ACTIVE,
Passive Component / Fuse,specific,F_0402_1.25A_32V_FAST_BournsInc_SF0402FP125F2,0,Fuse 1.25 A 0402 32 V FAST,,F,1.25 A,Device:Fuse,Fuse:Fuse_0402_1005Metric,0402,0.33 mm,1.25 A,,32 V,,50A@32VDC,0.035,FAST,0.06,- 55°C,90°C,SMT,,,2025-08-06 / BLU,,,Bourns Inc.,SF-0402FP125F-2,https://bourns.com/docs/product-datasheets/sf-0402fp-f.pdf?sfvrsn=ea2776f6_23,,,DIGIKEY,118-SF-0402FP125F-2CT-ND,ACTIVE,
Passive Component / Fuse,specific,F_0402_1.25A_32V_FAST_BelFuseInc_0ABA1000TN,0,Fuse 1.25 A 0402 32 V FAST,,F,1.25 A,Device:Fuse,Fuse:Fuse_0402_1005Metric,0402,0.33 mm,1.25 A,,32 V,,50A@32VDC,0.035,FAST,0.06,- 55°C,90°C,SMT,,,2025-08-06 / BLU,,,Bel Fuse Inc.,0ABA-1000-TN,https://belfuse.com/media/datasheets/products/circuit-protection/ds-cp-0aba-series.pdf,,,DIGIKEY,5923-0ABA-1000-TNCT-ND,ACTIVE,
Passive Component / Fuse,generic,F_0402_1.5A_32V_FAST_generic,0,generic Fuse 1.5 A 0402 32 V FAST,,F,1.5 A,Device:Fuse,Fuse:Fuse_0402_1005Metric,0402,0.33 mm,1.5 A,,32 V,,50A@32VDC,0.056,FAST,0.047,- 55°C,90°C,SMT,,,2025-08-06 / BLU,,"VBREAKDCMAX, PACKAGE, BLOWCHARACTERISTIC",,,,,,,,,"F_0402_1.5A_32V_FAST_LittelfuseInc_0435015KRHF, F_0402_1.5A_32V_FAST_BournsInc_SF0402FP150F2, F_0402_1.5A_32V_FAST_BelFuseInc_0ABA1500TN"
Passive Component / Fuse,specific,F_0402_1.5A_32V_FAST_LittelfuseInc_0435015KRHF,0,Fuse 1.5 A 0402 32 V FAST,,F,1.5 A,Device:Fuse,Fuse:Fuse_0402_1005Metric,0402,0.33 mm,1.5 A,,32 V,,50A@32VDC,0.056,FAST,0.047,- 55°C,90°C,SMT,,,2025-08-06 / BLU,,,Littelfuse Inc.,043501.5KRHF,https://www.littelfuse.com/assetdocs/fuse-435-datasheet?assetguid=ba93a49a-a7f2-4cd2-b159-afff91cc8ffd,,,DIGIKEY,18-043501.5KRHFCT-ND,ACTIVE,
Passive Component / Fuse,specific,F_0402_1.5A_32V_FAST_BournsInc_SF0402FP150F2,0,Fuse 1.5 A 0402 32 V FAST,,F,1.5 A,Device:Fuse,Fuse:Fuse_0402_1005Metric,0402,0.33 mm,1.5 A,,32 V,,50A@32VDC,0.056,FAST,0.047,- 55°C,90°C,SMT,,,2025-08-06 / BLU,,,Bourns Inc.,SF-0402FP150F-2,https://bourns.com/docs/product-datasheets/sf-0402fp-f.pdf?sfvrsn=ea2776f6_23,,,DIGIKEY,118-SF-0402FP150F-2CT-ND,ACTIVE,
Passive Component / Fuse,specific,F_0402_1.5A_32V_FAST_BelFuseInc_0ABA1500TN,0,Fuse 1.5 A 0402 32 V FAST,,F,1.5 A,Device:Fuse,Fuse:Fuse_0402_1005Metric,0402,0.33 mm,1.5 A,,32 V,,50A@32VDC,0.056,FAST,0.047,- 55°C,90°C,SMT,,,2025-08-06 / BLU,,,Bel Fuse Inc.,0ABA-1500-TN,https://belfuse.com/media/datasheets/products/circuit-protection/ds-cp-0aba-series.pdf,,,DIGIKEY,5923-0ABA-1500-TNCT-ND,ACTIVE,
Passive Component / Fuse,generic,F_0402_1.75A_32V_FAST_generic,0,generic Fuse 1.75 A 0402 32 V FAST,,F,1.75 A,Device:Fuse,Fuse:Fuse_0402_1005Metric,0402,0.33 mm,1.75 A,,32 V,,50A@32VDC,0.075,FAST,0.039,- 55°C,90°C,SMT,,,2025-08-06 / BLU,,"VBREAKDCMAX, PACKAGE, BLOWCHARACTERISTIC",,,,,,,,,"F_0402_1.75A_32V_FAST_LittelfuseInc_0435175KRHF, F_0402_1.75A_32V_FAST_BournsInc_SF0402FP175F2"
Passive Component / Fuse,specific,F_0402_1.75A_32V_FAST_LittelfuseInc_0435175KRHF,0,Fuse 1.75 A 0402 32 V FAST,,F,1.75 A,Device:Fuse,Fuse:Fuse_0402_1005Metric,0402,0.33 mm,1.75 A,,32 V,,50A@32VDC,0.075,FAST,0.039,- 55°C,90°C,SMT,,,2025-08-06 / BLU,,,Littelfuse Inc.,04351.75KRHF,https://www.littelfuse.com/assetdocs/fuse-435-datasheet?assetguid=ba93a49a-a7f2-4cd2-b159-afff91cc8ffd,,,DIGIKEY,18-04351.75KRHFCT-ND,ACTIVE,
Passive Component / Fuse,specific,F_0402_1.75A_32V_FAST_BournsInc_SF0402FP175F2,0,Fuse 1.75 A 0402 32 V FAST,,F,1.75 A,Device:Fuse,Fuse:Fuse_0402_1005Metric,0402,0.33 mm,1.75 A,,32 V,,50A@32VDC,0.075,FAST,0.039,- 55°C,90°C,SMT,,,2025-08-06 / BLU,,,Bourns Inc.,SF-0402FP175F-2,https://bourns.com/docs/product-datasheets/sf-0402fp-f.pdf?sfvrsn=ea2776f6_23,,,DIGIKEY,118-SF-0402FP175F-2CT-ND,ACTIVE,
Passive Component / Fuse,specific,,0,Fuse 1.75 A 0402 32 V FAST,,F,1.75 A,Device:Fuse,Fuse:Fuse_0402_1005Metric,0402,0.33 mm,1.75 A,,32 V,,50A@32VDC,0.075,FAST,0.039,- 55°C,90°C,SMT,,,2025-08-06 / BLU,,,,,,,,,,,
Passive Component / Fuse,generic,F_0402_2A_32V_FAST_generic,0,generic Fuse 2 A 0402 32 V FAST,,F,2 A,Device:Fuse,Fuse:Fuse_0402_1005Metric,0402,0.33 mm,2 A,,32 V,,50A@32VDC,0.1,FAST,0.03,- 55°C,90°C,SMT,,,2025-08-06 / BLU,,"VBREAKDCMAX, PACKAGE, BLOWCHARACTERISTIC",,,,,,,,,"F_0402_2A_32V_FAST_LittelfuseInc_0435002KRHF, F_0402_2A_32V_FAST_BournsInc_SF0402FP200F2, F_0402_2A_32V_FAST_BelFuseInc_0ABA2000TN"
Passive Component / Fuse,specific,F_0402_2A_32V_FAST_LittelfuseInc_0435002KRHF,0,Fuse 2 A 0402 32 V FAST,,F,2 A,Device:Fuse,Fuse:Fuse_0402_1005Metric,0402,0.33 mm,2 A,,32 V,,50A@32VDC,0.1,FAST,0.03,- 55°C,90°C,SMT,,,2025-08-06 / BLU,,,Littelfuse Inc.,0435002.KRHF,https://www.littelfuse.com/assetdocs/fuse-435-datasheet?assetguid=ba93a49a-a7f2-4cd2-b159-afff91cc8ffd,,,DIGIKEY,F6013CT-ND,ACTIVE,
Passive Component / Fuse,specific,F_0402_2A_32V_FAST_BournsInc_SF0402FP200F2,0,Fuse 2 A 0402 32 V FAST,,F,2 A,Device:Fuse,Fuse:Fuse_0402_1005Metric,0402,0.33 mm,2 A,,32 V,,50A@32VDC,0.1,FAST,0.03,- 55°C,90°C,SMT,,,2025-08-06 / BLU,,,Bourns Inc.,SF-0402FP200F-2,https://bourns.com/docs/product-datasheets/sf-0402fp-f.pdf?sfvrsn=ea2776f6_23,,,DIGIKEY,118-SF-0402FP200F-2CT-ND,ACTIVE,
Passive Component / Fuse,specific,F_0402_2A_32V_FAST_BelFuseInc_0ABA2000TN,0,Fuse 2 A 0402 32 V FAST,,F,2 A,Device:Fuse,Fuse:Fuse_0402_1005Metric,0402,0.33 mm,2 A,,32 V,,50A@32VDC,0.1,FAST,0.03,- 55°C,90°C,SMT,,,2025-08-06 / BLU,,,Bel Fuse Inc.,0ABA-2000-TN,https://belfuse.com/media/datasheets/products/circuit-protection/ds-cp-0aba-series.pdf,,,DIGIKEY,5923-0ABA-2000-TNCT-ND,ACTIVE,
Passive Component / Fuse,generic,F_0402_2.5A_32V_FAST_generic,0,generic Fuse 2.5 A 0402 32 V FAST,,F,2.5 A,Device:Fuse,Fuse:Fuse_0402_1005Metric,0402,0.33 mm,2.5 A,,32 V,,50A@32VDC,0.156,FAST,0.02,- 55°C,90°C,SMT,,,2025-08-06 / BLU,,"VBREAKDCMAX, PACKAGE, BLOWCHARACTERISTIC",,,,,,,,,"F_0402_2.5A_32V_FAST_LittelfuseInc_0435025KRHF, F_0402_2.5A_32V_FAST_BournsInc_SF0402FP250F2, F_0402_2.5A_32V_FAST_BelFuseInc_0ABA2500TN"
Passive Component / Fuse,specific,F_0402_2.5A_32V_FAST_LittelfuseInc_0435025KRHF,0,Fuse 2.5 A 0402 32 V FAST,,F,2.5 A,Device:Fuse,Fuse:Fuse_0402_1005Metric,0402,0.33 mm,2.5 A,,32 V,,50A@32VDC,0.156,FAST,0.02,- 55°C,90°C,SMT,,,2025-08-06 / BLU,,,Littelfuse Inc.,043502.5KRHF,https://www.littelfuse.com/assetdocs/fuse-435-datasheet?assetguid=ba93a49a-a7f2-4cd2-b159-afff91cc8ffd,,,DIGIKEY,F11409CT-ND,ACTIVE,
Passive Component / Fuse,specific,F_0402_2.5A_32V_FAST_BournsInc_SF0402FP250F2,0,Fuse 2.5 A 0402 32 V FAST,,F,2.5 A,Device:Fuse,Fuse:Fuse_0402_1005Metric,0402,0.33 mm,2.5 A,,32 V,,50A@32VDC,0.156,FAST,0.02,- 55°C,90°C,SMT,,,2025-08-06 / BLU,,,Bourns Inc.,SF-0402FP250F-2,https://bourns.com/docs/product-datasheets/sf-0402fp-f.pdf?sfvrsn=ea2776f6_23,,,DIGIKEY,118-SF-0402FP250F-2CT-ND,ACTIVE,
Passive Component / Fuse,specific,F_0402_2.5A_32V_FAST_BelFuseInc_0ABA2500TN,0,Fuse 2.5 A 0402 32 V FAST,,F,2.5 A,Device:Fuse,Fuse:Fuse_0402_1005Metric,0402,0.33 mm,2.5 A,,32 V,,50A@32VDC,0.156,FAST,0.02,- 55°C,90°C,SMT,,,2025-08-06 / BLU,,,Bel Fuse Inc.,0ABA-2500-TN,https://belfuse.com/media/datasheets/products/circuit-protection/ds-cp-0aba-series.pdf,,,DIGIKEY,5923-0ABA-2500-TNTR-ND,ACTIVE,
Passive Component / Fuse,generic,F_0402_3A_32V_FAST_generic,0,generic Fuse 3 A 0402 32 V FAST,,F,3 A,Device:Fuse,Fuse:Fuse_0402_1005Metric,0402,0.33 mm,3 A,,32 V,,50A@32VDC,0.2032,FAST,0.017,- 55°C,90°C,SMT,,,2025-08-06 / BLU,,"VBREAKDCMAX, PACKAGE, BLOWCHARACTERISTIC",,,,,,,,,"F_0402_3A_32V_FAST_LittelfuseInc_0435003KRHF, F_0402_3A_32V_FAST_BournsInc_SF0402FP300F2, F_0402_3A_32V_FAST_BelFuseInc_0ABA3000TN"
Passive Component / Fuse,specific,F_0402_3A_32V_FAST_LittelfuseInc_0435003KRHF,0,Fuse 3 A 0402 32 V FAST,,F,3 A,Device:Fuse,Fuse:Fuse_0402_1005Metric,0402,0.33 mm,3 A,,32 V,,50A@32VDC,0.2032,FAST,0.017,- 55°C,90°C,SMT,,,2025-08-06 / BLU,,,Littelfuse Inc.,0435003.KRHF,https://www.littelfuse.com/assetdocs/fuse-435-datasheet?assetguid=ba93a49a-a7f2-4cd2-b159-afff91cc8ffd,,,DIGIKEY,F10783CT-ND,ACTIVE,
Passive Component / Fuse,specific,F_0402_3A_32V_FAST_BournsInc_SF0402FP300F2,0,Fuse 3 A 0402 32 V FAST,,F,3 A,Device:Fuse,Fuse:Fuse_0402_1005Metric,0402,0.33 mm,3 A,,32 V,,50A@32VDC,0.2032,FAST,0.017,- 55°C,90°C,SMT,,,2025-08-06 / BLU,,,Bourns Inc.,SF-0402FP300F-2,https://bourns.com/docs/product-datasheets/sf-0402fp-f.pdf?sfvrsn=ea2776f6_23,,,DIGIKEY,SF-0402FP300F-2CT-ND,ACTIVE,
Passive Component / Fuse,specific,F_0402_3A_32V_FAST_BelFuseInc_0ABA3000TN,0,Fuse 3 A 0402 32 V FAST,,F,3 A,Device:Fuse,Fuse:Fuse_0402_1005Metric,0402,0.33 mm,3 A,,32 V,,50A@32VDC,0.2032,FAST,0.017,- 55°C,90°C,SMT,,,2025-08-06 / BLU,,,Bel Fuse Inc.,0ABA-3000-TN,https://belfuse.com/media/datasheets/products/circuit-protection/ds-cp-0aba-series.pdf,,,DIGIKEY,5923-0ABA-3000-TNCT-ND,ACTIVE,
Passive Component / Fuse,generic,F_0402_3.5A_32V_FAST_generic,0,generic Fuse 3.5 A 0402 32 V FAST,,F,3.5 A,Device:Fuse,Fuse:Fuse_0402_1005Metric,0402,0.33 mm,3.5 A,,32 V,,50A@32VDC,0.3017,FAST,0.015,- 55°C,90°C,SMT,,,2025-08-06 / BLU,,"VBREAKDCMAX, PACKAGE, BLOWCHARACTERISTIC",,,,,,,,,"F_0402_3.5A_32V_FAST_LittelfuseInc_0435035KRHF, F_0402_3.5A_32V_FAST_BournsInc_SF0402FP350F2, F_0402_3.5A_32V_FAST_BelFuseInc_0ABA3500TN"
Passive Component / Fuse,specific,F_0402_3.5A_32V_FAST_LittelfuseInc_0435035KRHF,0,Fuse 3.5 A 0402 32 V FAST,,F,3.5 A,Device:Fuse,Fuse:Fuse_0402_1005Metric,0402,0.33 mm,3.5 A,,32 V,,50A@32VDC,0.3017,FAST,0.015,- 55°C,90°C,SMT,,,2025-08-06 / BLU,,,Littelfuse Inc.,043503.5KRHF,https://www.littelfuse.com/assetdocs/fuse-435-datasheet?assetguid=ba93a49a-a7f2-4cd2-b159-afff91cc8ffd,,,DIGIKEY,18-043503.5KRHFCT-ND,ACTIVE,
Passive Component / Fuse,specific,F_0402_3.5A_32V_FAST_BournsInc_SF0402FP350F2,0,Fuse 3.5 A 0402 32 V FAST,,F,3.5 A,Device:Fuse,Fuse:Fuse_0402_1005Metric,0402,0.33 mm,3.5 A,,32 V,,50A@32VDC,0.3017,FAST,0.015,- 55°C,90°C,SMT,,,2025-08-06 / BLU,,,Bourns Inc.,SF-0402FP350F-2,https://bourns.com/docs/product-datasheets/sf-0402fp-f.pdf?sfvrsn=ea2776f6_23,,,DIGIKEY,SF-0402FP350F-2CT-ND,ACTIVE,
Passive Component / Fuse,specific,F_0402_3.5A_32V_FAST_BelFuseInc_0ABA3500TN,0,Fuse 3.5 A 0402 32 V FAST,,F,3.5 A,Device:Fuse,Fuse:Fuse_0402_1005Metric,0402,0.33 mm,3.5 A,,32 V,,50A@32VDC,0.3017,FAST,0.015,- 55°C,90°C,SMT,,,2025-08-06 / BLU,,,Bel Fuse Inc.,0ABA-3500-TN,https://belfuse.com/media/datasheets/products/circuit-protection/ds-cp-0aba-series.pdf,,,DIGIKEY,5923-0ABA-3500-TNCT-ND,ACTIVE,
Passive Component / Fuse,generic,F_0402_4A_32V_FAST_generic,0,generic Fuse 4 A 0402 32 V FAST,,F,4 A,Device:Fuse,Fuse:Fuse_0402_1005Metric,0402,0.33 mm,4 A,,32 V,,50A@32VDC,0.3084,FAST,0.0105,- 55°C,90°C,SMT,,,2025-08-06 / BLU,,"VBREAKDCMAX, PACKAGE, BLOWCHARACTERISTIC",,,,,,,,,"F_0402_4A_32V_FAST_LittelfuseInc_0435004KRHF, F_0402_4A_32V_FAST_BournsInc_SF0402FP400F2, F_0402_4A_32V_FAST_BelFuseInc_0ABA4000TN"
Passive Component / Fuse,specific,F_0402_4A_32V_FAST_LittelfuseInc_0435004KRHF,0,Fuse 4 A 0402 32 V FAST,,F,4 A,Device:Fuse,Fuse:Fuse_0402_1005Metric,0402,0.33 mm,4 A,,32 V,,50A@32VDC,0.3084,FAST,0.0105,- 55°C,90°C,SMT,,,2025-08-06 / BLU,,,Littelfuse Inc.,0435004.KRHF,https://www.littelfuse.com/assetdocs/fuse-435-datasheet?assetguid=ba93a49a-a7f2-4cd2-b159-afff91cc8ffd,,,DIGIKEY,0435004.KRHF-ND,ACTIVE,
Passive Component / Fuse,specific,F_0402_4A_32V_FAST_BournsInc_SF0402FP400F2,0,Fuse 4 A 0402 32 V FAST,,F,4 A,Device:Fuse,Fuse:Fuse_0402_1005Metric,0402,0.33 mm,4 A,,32 V,,50A@32VDC,0.3084,FAST,0.0105,- 55°C,90°C,SMT,,,2025-08-06 / BLU,,,Bourns Inc.,SF-0402FP400F-2,https://bourns.com/docs/product-datasheets/sf-0402fp-f.pdf?sfvrsn=ea2776f6_23,,,DIGIKEY,118-SF-0402FP400F-2CT-ND,ACTIVE,
Passive Component / Fuse,specific,F_0402_4A_32V_FAST_BelFuseInc_0ABA4000TN,0,Fuse 4 A 0402 32 V FAST,,F,4 A,Device:Fuse,Fuse:Fuse_0402_1005Metric,0402,0.33 mm,4 A,,32 V,,50A@32VDC,0.3084,FAST,0.0105,- 55°C,90°C,SMT,,,2025-08-06 / BLU,,,Bel Fuse Inc.,0ABA-4000-TN,https://belfuse.com/media/datasheets/products/circuit-protection/ds-cp-0aba-series.pdf,,,DIGIKEY,5923-0ABA-4000-TNCT-ND,ACTIVE,
Passive Component / Fuse,generic,F_0402_5A_32V_FAST_generic,0,generic Fuse 5 A 0402 32 V FAST,,F,5 A,Device:Fuse,Fuse:Fuse_0402_1005Metric,0402,0.33 mm,5 A,,32 V,,50A@32VDC,0.531,FAST,0.0085,- 55°C,90°C,SMT,,,2025-08-06 / BLU,,"VBREAKDCMAX, PACKAGE, BLOWCHARACTERISTIC",,,,,,,,,"F_0402_5A_32V_FAST_LittelfuseInc_0435005KRHF, F_0402_5A_32V_FAST_BournsInc_SF0402FP500F2"
Passive Component / Fuse,specific,F_0402_5A_32V_FAST_LittelfuseInc_0435005KRHF,0,Fuse 5 A 0402 32 V FAST,,F,5 A,Device:Fuse,Fuse:Fuse_0402_1005Metric,0402,0.33 mm,5 A,,32 V,,50A@32VDC,0.531,FAST,0.0085,- 55°C,90°C,SMT,,,2025-08-06 / BLU,,,Littelfuse Inc.,0435005.KRHF,https://www.littelfuse.com/assetdocs/fuse-435-datasheet?assetguid=ba93a49a-a7f2-4cd2-b159-afff91cc8ffd,,,DIGIKEY,F10784CT-ND,ACTIVE,
Passive Component / Fuse,specific,F_0402_5A_32V_FAST_BournsInc_SF0402FP500F2,0,Fuse 5 A 0402 32 V FAST,,F,5 A,Device:Fuse,Fuse:Fuse_0402_1005Metric,0402,0.33 mm,5 A,,32 V,,50A@32VDC,0.531,FAST,0.0085,- 55°C,90°C,SMT,,,2025-08-06 / BLU,,,Bourns Inc.,SF-0402FP500F-2,https://bourns.com/docs/product-datasheets/sf-0402fp-f.pdf?sfvrsn=ea2776f6_23,,,DIGIKEY,SF-0402FP500F-2CT-ND,ACTIVE,
Passive Component / Fuse,specific,,0,Fuse 5 A 0402 32 V FAST,,F,5 A,Device:Fuse,Fuse:Fuse_0402_1005Metric,0402,0.33 mm,5 A,,32 V,,50A@32VDC,0.531,FAST,0.0085,- 55°C,90°C,SMT,,,2025-08-06 / BLU,,,,,,,,,,,
Passive Component / Fuse,generic,F_0603_250mA_32V_FAST_generic,0,generic Fuse 250 mA 0603 32 V FAST,,F,250 mA,Device:Fuse,Fuse:Fuse_0603_1608Metric,0603,0.432 mm,250 mA,,32 V,,50A@32VDC,0.0014,FAST,0.565,- 55°C,90°C,SMT,,,2025-08-06 / BLU,,"VBREAKDCMAX, PACKAGE, BLOWCHARACTERISTIC",,,,,,,,,"F_0603_250mA_32V_FAST_LittelfuseInc_0467250NRHF, F_0603_250mA_32V_FAST_AEMComponents_T0603FF0250TM, F_0603_250mA_32V_FAST_BelFuseInc_C2Q250"
Passive Component / Fuse,specific,F_0603_250mA_32V_FAST_LittelfuseInc_0467250NRHF,0,Fuse 250 mA 0603 32 V FAST,,F,250 mA,Device:Fuse,Fuse:Fuse_0603_1608Metric,0603,0.432 mm,250 mA,,32 V,,50A@32VDC,0.0014,FAST,0.565,- 55°C,90°C,SMT,,,2025-08-06 / BLU,,,Littelfuse Inc.,0467.250NRHF,https://www.littelfuse.com/assetdocs/littelfuse_fuse_467_datasheet.pdf?assetguid=4a59f034-1cca-460e-a5ba-e1e66247c76d,,,DIGIKEY,F6020CT-ND,ACTIVE,
Passive Component / Fuse,specific,F_0603_250mA_32V_FAST_AEMComponents_T0603FF0250TM,0,Fuse 250 mA 0603 32 V FAST,,F,250 mA,Device:Fuse,Fuse:Fuse_0603_1608Metric,0603,0.432 mm,250 mA,,32 V,,50A@32VDC,0.0014,FAST,0.565,- 55°C,90°C,SMT,,,2025-08-06 / BLU,,,AEM Components,T0603FF0250TM,https://aemcomponents.media.zestyio.com/AEM-T0603FF.pdf,,,DIGIKEY,5673-T0603FF0250TMCT-ND,ACTIVE,
Passive Component / Fuse,specific,F_0603_250mA_32V_FAST_BelFuseInc_C2Q250,0,Fuse 250 mA 0603 32 V FAST,,F,250 mA,Device:Fuse,Fuse:Fuse_0603_1608Metric,0603,0.432 mm,250 mA,,32 V,,50A@32VDC,0.0014,FAST,0.565,- 55°C,90°C,SMT,,,2025-08-06 / BLU,,,Bel Fuse Inc.,C2Q 250,https://www.belfuse.com/media/datasheets/products/circuit-protection/ds-cp-c2q-series.pdf,,,DIGIKEY,5923-C2Q250CT-ND,ACTIVE,
Passive Component / Fuse,generic,F_0603_375mA_32V_FAST_generic,0,generic Fuse 375 mA 0603 32 V FAST,,F,375 mA,Device:Fuse,Fuse:Fuse_0603_1608Metric,0603,0.432 mm,375 mA,,32 V,,50A@32VDC,0.0035,FAST,0.3,- 55°C,90°C,SMT,,,2025-08-06 / BLU,,"VBREAKDCMAX, PACKAGE, BLOWCHARACTERISTIC",,,,,,,,,"F_0603_375mA_32V_FAST_LittelfuseInc_0467375NRHF, F_0603_375mA_32V_FAST_AEMComponents_T0603FF0375TM, F_0603_375mA_32V_FAST_BelFuseInc_C2Q375"
Passive Component / Fuse,specific,F_0603_375mA_32V_FAST_LittelfuseInc_0467375NRHF,0,Fuse 375 mA 0603 32 V FAST,,F,375 mA,Device:Fuse,Fuse:Fuse_0603_1608Metric,0603,0.432 mm,375 mA,,32 V,,50A@32VDC,0.0035,FAST,0.3,- 55°C,90°C,SMT,,,2025-08-06 / BLU,,,Littelfuse Inc.,0467.375NRHF,https://www.littelfuse.com/assetdocs/littelfuse_fuse_467_datasheet.pdf?assetguid=4a59f034-1cca-460e-a5ba-e1e66247c76d,,,DIGIKEY,F11419CT-ND,ACTIVE,
Passive Component / Fuse,specific,F_0603_375mA_32V_FAST_AEMComponents_T0603FF0375TM,0,Fuse 375 mA 0603 32 V FAST,,F,375 mA,Device:Fuse,Fuse:Fuse_0603_1608Metric,0603,0.432 mm,375 mA,,32 V,,50A@32VDC,0.0035,FAST,0.3,- 55°C,90°C,SMT,,,2025-08-06 / BLU,,,AEM Components,T0603FF0375TM,https://aemcomponents.media.zestyio.com/AEM-T0603FF.pdf,,,DIGIKEY,5673-T0603FF0375TMCT-ND,ACTIVE,
Passive Component / Fuse,specific,F_0603_375mA_32V_FAST_BelFuseInc_C2Q375,0,Fuse 375 mA 0603 32 V FAST,,F,375 mA,Device:Fuse,Fuse:Fuse_0603_1608Metric,0603,0.432 mm,375 mA,,32 V,,50A@32VDC,0.0035,FAST,0.3,- 55°C,90°C,SMT,,,2025-08-06 / BLU,,,Bel Fuse Inc.,C2Q 375,https://www.belfuse.com/media/datasheets/products/circuit-protection/ds-cp-c2q-series.pdf,,,DIGIKEY,5923-C2Q375CT-ND,ACTIVE,
Passive Component / Fuse,generic,F_0603_500mA_32V_FAST_generic,0,generic Fuse 500 mA 0603 32 V FAST,,F,500 mA,Device:Fuse,Fuse:Fuse_0603_1608Metric,0603,0.432 mm,500 mA,,32 V,,50A@32VDC,0.0087,FAST,0.187,- 55°C,90°C,SMT,,,2025-08-06 / BLU,,"VBREAKDCMAX, PACKAGE, BLOWCHARACTERISTIC",,,,,,,,,"F_0603_500mA_32V_FAST_LittelfuseInc_0467500NRHF, F_0603_500mA_32V_FAST_AEMComponents_T0603FF0500TM, F_0603_500mA_32V_FAST_BelFuseInc_C2Q500"
Passive Component / Fuse,specific,F_0603_500mA_32V_FAST_LittelfuseInc_0467500NRHF,0,Fuse 500 mA 0603 32 V FAST,,F,500 mA,Device:Fuse,Fuse:Fuse_0603_1608Metric,0603,0.432 mm,500 mA,,32 V,,50A@32VDC,0.0087,FAST,0.187,- 55°C,90°C,SMT,,,2025-08-06 / BLU,,,Littelfuse Inc.,0467.500NRHF,https://www.littelfuse.com/assetdocs/littelfuse_fuse_467_datasheet.pdf?assetguid=4a59f034-1cca-460e-a5ba-e1e66247c76d,,,DIGIKEY,F5698CT-ND,ACTIVE,
Passive Component / Fuse,specific,F_0603_500mA_32V_FAST_AEMComponents_T0603FF0500TM,0,Fuse 500 mA 0603 32 V FAST,,F,500 mA,Device:Fuse,Fuse:Fuse_0603_1608Metric,0603,0.432 mm,500 mA,,32 V,,50A@32VDC,0.0087,FAST,0.187,- 55°C,90°C,SMT,,,2025-08-06 / BLU,,,AEM Components,T0603FF0500TM,https://aemcomponents.media.zestyio.com/AEM-T0603FF.pdf,,,DIGIKEY,5673-T0603FF0500TMCT-ND,ACTIVE,
Passive Component / Fuse,specific,F_0603_500mA_32V_FAST_BelFuseInc_C2Q500,0,Fuse 500 mA 0603 32 V FAST,,F,500 mA,Device:Fuse,Fuse:Fuse_0603_1608Metric,0603,0.432 mm,500 mA,,32 V,,50A@32VDC,0.0087,FAST,0.187,- 55°C,90°C,SMT,,,2025-08-06 / BLU,,,Bel Fuse Inc.,C2Q 500,https://www.belfuse.com/media/datasheets/products/circuit-protection/ds-cp-c2q-series.pdf,,,DIGIKEY,5923-C2Q500CT-ND,ACTIVE,
Passive Component / Fuse,generic,F_0603_750mA_32V_FAST_generic,0,generic Fuse 750 mA 0603 32 V FAST,,F,750 mA,Device:Fuse,Fuse:Fuse_0603_1608Metric,0603,0.432 mm,750 mA,,32 V,,50A@32VDC,0.0171,FAST,0.117,- 55°C,90°C,SMT,,,2025-08-06 / BLU,,"VBREAKDCMAX, PACKAGE, BLOWCHARACTERISTIC",,,,,,,,,"F_0603_750mA_32V_FAST_LittelfuseInc_0467750NRHF, F_0603_750mA_32V_FAST_AEMComponents_T0603FF0750TM, F_0603_750mA_32V_FAST_BelFuseInc_C2Q750"
Passive Component / Fuse,specific,F_0603_750mA_32V_FAST_LittelfuseInc_0467750NRHF,0,Fuse 750 mA 0603 32 V FAST,,F,750 mA,Device:Fuse,Fuse:Fuse_0603_1608Metric,0603,0.432 mm,750 mA,,32 V,,50A@32VDC,0.0171,FAST,0.117,- 55°C,90°C,SMT,,,2025-08-06 / BLU,,,Littelfuse Inc.,0467.750NRHF,https://www.littelfuse.com/assetdocs/littelfuse_fuse_467_datasheet.pdf?assetguid=4a59f034-1cca-460e-a5ba-e1e66247c76d,,,DIGIKEY,F11420CT-ND,ACTIVE,
Passive Component / Fuse,specific,F_0603_750mA_32V_FAST_AEMComponents_T0603FF0750TM,0,Fuse 750 mA 0603 32 V FAST,,F,750 mA,Device:Fuse,Fuse:Fuse_0603_1608Metric,0603,0.432 mm,750 mA,,32 V,,50A@32VDC,0.0171,FAST,0.117,- 55°C,90°C,SMT,,,2025-08-06 / BLU,,,AEM Components,T0603FF0750TM,https://aemcomponents.media.zestyio.com/AEM-T0603FF.pdf,,,DIGIKEY,5673-T0603FF0750TMCT-ND,ACTIVE,
Passive Component / Fuse,specific,F_0603_750mA_32V_FAST_BelFuseInc_C2Q750,0,Fuse 750 mA 0603 32 V FAST,,F,750 mA,Device:Fuse,Fuse:Fuse_0603_1608Metric,0603,0.432 mm,750 mA,,32 V,,50A@32VDC,0.0171,FAST,0.117,- 55°C,90°C,SMT,,,2025-08-06 / BLU,,,Bel Fuse Inc.,C2Q 750,https://www.belfuse.com/media/datasheets/products/circuit-protection/ds-cp-c2q-series.pdf,,,DIGIKEY,5923-C2Q750CT-ND,ACTIVE,
Passive Component / Fuse,generic,F_0603_1A_32V_FAST_generic,0,generic Fuse 1 A 0603 32 V FAST,,F,1 A,Device:Fuse,Fuse:Fuse_0603_1608Metric,0603,0.432 mm,1 A,,32 V,,50A@32VDC,0.0212,FAST,0.07,- 55°C,90°C,SMT,,,2025-08-06 / BLU,,"VBREAKDCMAX, PACKAGE, BLOWCHARACTERISTIC",,,,,,,,,"F_0603_1A_32V_FAST_LittelfuseInc_0467001NRHF, F_0603_1A_32V_FAST_AEMComponents_T0603FF1000TM, F_0603_1A_32V_FAST_BelFuseInc_C2Q1"
Passive Component / Fuse,specific,F_0603_1A_32V_FAST_LittelfuseInc_0467001NRHF,0,Fuse 1 A 0603 32 V FAST,,F,1 A,Device:Fuse,Fuse:Fuse_0603_1608Metric,0603,0.432 mm,1 A,,32 V,,50A@32VDC,0.0212,FAST,0.07,- 55°C,90°C,SMT,,,2025-08-06 / BLU,,,Littelfuse Inc.,0467001.NRHF,https://www.littelfuse.com/assetdocs/littelfuse_fuse_467_datasheet.pdf?assetguid=4a59f034-1cca-460e-a5ba-e1e66247c76d,,,DIGIKEY,F5699CT-ND,ACTIVE,
Passive Component / Fuse,specific,F_0603_1A_32V_FAST_AEMComponents_T0603FF1000TM,0,Fuse 1 A 0603 32 V FAST,,F,1 A,Device:Fuse,Fuse:Fuse_0603_1608Metric,0603,0.432 mm,1 A,,32 V,,50A@32VDC,0.0212,FAST,0.07,- 55°C,90°C,SMT,,,2025-08-06 / BLU,,,AEM Components,T0603FF1000TM,https://aemcomponents.media.zestyio.com/AEM-T0603FF.pdf,,,DIGIKEY,5673-T0603FF1000TMCT-ND,ACTIVE,
Passive Component / Fuse,specific,F_0603_1A_32V_FAST_BelFuseInc_C2Q1,0,Fuse 1 A 0603 32 V FAST,,F,1 A,Device:Fuse,Fuse:Fuse_0603_1608Metric,0603,0.432 mm,1 A,,32 V,,50A@32VDC,0.0212,FAST,0.07,- 55°C,90°C,SMT,,,2025-08-06 / BLU,,,Bel Fuse Inc.,C2Q 1,https://www.belfuse.com/media/datasheets/products/circuit-protection/ds-cp-c2q-series.pdf,,,DIGIKEY,5923-C2Q1CT-ND,ACTIVE,
Passive Component / Fuse,generic,F_0603_1.25A_32V_FAST_generic,0,generic Fuse 1.25 A 0603 32 V FAST,,F,1.25 A,Device:Fuse,Fuse:Fuse_0603_1608Metric,0603,0.432 mm,1.25 A,,32 V,,35A@32VDC,0.0518,FAST,0.051,- 55°C,90°C,SMT,,,2025-08-06 / BLU,,"VBREAKDCMAX, PACKAGE, BLOWCHARACTERISTIC",,,,,,,,,"F_0603_1.25A_32V_FAST_LittelfuseInc_0467125NRHF, F_0603_1.25A_32V_FAST_AEMComponents_T0603FF1250TM, F_0603_1.25A_32V_FAST_BelFuseInc_C2Q125"
Passive Component / Fuse,specific,F_0603_1.25A_32V_FAST_LittelfuseInc_0467125NRHF,0,Fuse 1.25 A 0603 32 V FAST,,F,1.25 A,Device:Fuse,Fuse:Fuse_0603_1608Metric,0603,0.432 mm,1.25 A,,32 V,,35A@32VDC,0.0518,FAST,0.051,- 55°C,90°C,SMT,,,2025-08-06 / BLU,,,Littelfuse Inc.,04671.25NRHF,https://www.littelfuse.com/assetdocs/littelfuse_fuse_467_datasheet.pdf?assetguid=4a59f034-1cca-460e-a5ba-e1e66247c76d,,,DIGIKEY,18-04671.25NRHFCT-ND,ACTIVE,
Passive Component / Fuse,specific,F_0603_1.25A_32V_FAST_AEMComponents_T0603FF1250TM,0,Fuse 1.25 A 0603 32 V FAST,,F,1.25 A,Device:Fuse,Fuse:Fuse_0603_1608Metric,0603,0.432 mm,1.25 A,,32 V,,35A@32VDC,0.0518,FAST,0.051,- 55°C,90°C,SMT,,,2025-08-06 / BLU,,,AEM Components,T0603FF1250TM,https://aemcomponents.media.zestyio.com/AEM-T0603FF.pdf,,,DIGIKEY,5673-T0603FF1250TMCT-ND,ACTIVE,
Passive Component / Fuse,specific,F_0603_1.25A_32V_FAST_BelFuseInc_C2Q125,0,Fuse 1.25 A 0603 32 V FAST,,F,1.25 A,Device:Fuse,Fuse:Fuse_0603_1608Metric,0603,0.432 mm,1.25 A,,32 V,,35A@32VDC,0.0518,FAST,0.051,- 55°C,90°C,SMT,,,2025-08-06 / BLU,,,Bel Fuse Inc.,C2Q 1.25,https://www.belfuse.com/media/datasheets/products/circuit-protection/ds-cp-c2q-series.pdf,,,DIGIKEY,5923-C2Q1.25CT-ND,ACTIVE,
Passive Component / Fuse,generic,F_0603_1.5A_32V_FAST_generic,0,generic Fuse 1.5 A 0603 32 V FAST,,F,1.5 A,Device:Fuse,Fuse:Fuse_0603_1608Metric,0603,0.432 mm,1.5 A,,32 V,,35A@32VDC,0.0766,FAST,0.0385,- 55°C,90°C,SMT,,,2025-08-06 / BLU,,"VBREAKDCMAX, PACKAGE, BLOWCHARACTERISTIC",,,,,,,,,"F_0603_1.5A_32V_FAST_LittelfuseInc_0467015NRHF, F_0603_1.5A_32V_FAST_AEMComponents_T0603FF1500TM, F_0603_1.5A_32V_FAST_BelFuseInc_C2Q15"
Passive Component / Fuse,specific,F_0603_1.5A_32V_FAST_LittelfuseInc_0467015NRHF,0,Fuse 1.5 A 0603 32 V FAST,,F,1.5 A,Device:Fuse,Fuse:Fuse_0603_1608Metric,0603,0.432 mm,1.5 A,,32 V,,35A@32VDC,0.0766,FAST,0.0385,- 55°C,90°C,SMT,,,2025-08-06 / BLU,,,Littelfuse Inc.,046701.5NRHF,https://www.littelfuse.com/assetdocs/littelfuse_fuse_467_datasheet.pdf?assetguid=4a59f034-1cca-460e-a5ba-e1e66247c76d,,,DIGIKEY,F5702CT-ND,ACTIVE,
Passive Component / Fuse,specific,F_0603_1.5A_32V_FAST_AEMComponents_T0603FF1500TM,0,Fuse 1.5 A 0603 32 V FAST,,F,1.5 A,Device:Fuse,Fuse:Fuse_0603_1608Metric,0603,0.432 mm,1.5 A,,32 V,,35A@32VDC,0.0766,FAST,0.0385,- 55°C,90°C,SMT,,,2025-08-06 / BLU,,,AEM Components,T0603FF1500TM,https://aemcomponents.media.zestyio.com/AEM-T0603FF.pdf,,,DIGIKEY,5673-T0603FF1500TMCT-ND,ACTIVE,
Passive Component / Fuse,specific,F_0603_1.5A_32V_FAST_BelFuseInc_C2Q15,0,Fuse 1.5 A 0603 32 V FAST,,F,1.5 A,Device:Fuse,Fuse:Fuse_0603_1608Metric,0603,0.432 mm,1.5 A,,32 V,,35A@32VDC,0.0766,FAST,0.0385,- 55°C,90°C,SMT,,,2025-08-06 / BLU,,,Bel Fuse Inc.,C2Q 1.5,https://www.belfuse.com/media/datasheets/products/circuit-protection/ds-cp-c2q-series.pdf,,,DIGIKEY,5923-C2Q1.5CT-ND,ACTIVE,
Passive Component / Fuse,generic,F_0603_1.75A_32V_FAST_generic,0,generic Fuse 1.75 A 0603 32 V FAST,,F,1.75 A,Device:Fuse,Fuse:Fuse_0603_1608Metric,0603,0.432 mm,1.75 A,,32 V,,35A@32VDC,0.0903,FAST,0.031,- 55°C,90°C,SMT,,,2025-08-06 / BLU,,"VBREAKDCMAX, PACKAGE, BLOWCHARACTERISTIC",,,,,,,,,"F_0603_1.75A_32V_FAST_LittelfuseInc_0467175NRHF, F_0603_1.75A_32V_FAST_AEMComponents_T0603FF1750TM, F_0603_1.75A_32V_FAST_BelFuseInc_0686175001"
Passive Component / Fuse,specific,F_0603_1.75A_32V_FAST_LittelfuseInc_0467175NRHF,0,Fuse 1.75 A 0603 32 V FAST,,F,1.75 A,Device:Fuse,Fuse:Fuse_0603_1608Metric,0603,0.432 mm,1.75 A,,32 V,,35A@32VDC,0.0903,FAST,0.031,- 55°C,90°C,SMT,,,2025-08-06 / BLU,,,Littelfuse Inc.,04671.75NRHF,https://www.littelfuse.com/assetdocs/littelfuse_fuse_467_datasheet.pdf?assetguid=4a59f034-1cca-460e-a5ba-e1e66247c76d,,,DIGIKEY,1294-04671.75NRHF-CHP,ACTIVE,
Passive Component / Fuse,specific,F_0603_1.75A_32V_FAST_AEMComponents_T0603FF1750TM,0,Fuse 1.75 A 0603 32 V FAST,,F,1.75 A,Device:Fuse,Fuse:Fuse_0603_1608Metric,0603,0.432 mm,1.75 A,,32 V,,35A@32VDC,0.0903,FAST,0.031,- 55°C,90°C,SMT,,,2025-08-06 / BLU,,,AEM Components,T0603FF1750TM,https://aemcomponents.media.zestyio.com/AEM-T0603FF.pdf,,,DIGIKEY,5673-T0603FF1750TMCT-ND,ACTIVE,
Passive Component / Fuse,specific,F_0603_1.75A_32V_FAST_BelFuseInc_0686175001,0,Fuse 1.75 A 0603 32 V FAST,,F,1.75 A,Device:Fuse,Fuse:Fuse_0603_1608Metric,0603,0.432 mm,1.75 A,,32 V,,35A@32VDC,0.0903,FAST,0.031,- 55°C,90°C,SMT,,,2025-08-06 / BLU,,,Bel Fuse Inc.,0686-1750-01,https://www.belfuse.com/media/datasheets/products/circuit-protection/ds-cp-c2q-series.pdf,,,DIGIKEY,5923-0686-1750-01TR-ND,ACTIVE,
Passive Component / Fuse,generic,F_0603_2A_32V_FAST_generic,0,generic Fuse 2 A 0603 32 V FAST,,F,2 A,Device:Fuse,Fuse:Fuse_0603_1608Metric,0603,0.432 mm,2 A,,32 V,,35A@32VDC,0.1891,FAST,0.028,- 55°C,90°C,SMT,,,2025-08-06 / BLU,,"VBREAKDCMAX, PACKAGE, BLOWCHARACTERISTIC",,,,,,,,,"F_0603_2A_32V_FAST_LittelfuseInc_0467002NRHF, F_0603_2A_32V_FAST_AEMComponents_T0603FF2000TM, F_0603_2A_32V_FAST_BelFuseInc_C2Q2"
Passive Component / Fuse,specific,F_0603_2A_32V_FAST_LittelfuseInc_0467002NRHF,0,Fuse 2 A 0603 32 V FAST,,F,2 A,Device:Fuse,Fuse:Fuse_0603_1608Metric,0603,0.432 mm,2 A,,32 V,,35A@32VDC,0.1891,FAST,0.028,- 55°C,90°C,SMT,,,2025-08-06 / BLU,,,Littelfuse Inc.,0467002.NRHF,https://www.littelfuse.com/assetdocs/littelfuse_fuse_467_datasheet.pdf?assetguid=4a59f034-1cca-460e-a5ba-e1e66247c76d,,,DIGIKEY,F7132CT-ND,ACTIVE,
Passive Component / Fuse,specific,F_0603_2A_32V_FAST_AEMComponents_T0603FF2000TM,0,Fuse 2 A 0603 32 V FAST,,F,2 A,Device:Fuse,Fuse:Fuse_0603_1608Metric,0603,0.432 mm,2 A,,32 V,,35A@32VDC,0.1891,FAST,0.028,- 55°C,90°C,SMT,,,2025-08-06 / BLU,,,AEM Components,T0603FF2000TM,https://aemcomponents.media.zestyio.com/AEM-T0603FF.pdf,,,DIGIKEY,5673-T0603FF2000TMCT-ND,ACTIVE,
Passive Component / Fuse,specific,F_0603_2A_32V_FAST_BelFuseInc_C2Q2,0,Fuse 2 A 0603 32 V FAST,,F,2 A,Device:Fuse,Fuse:Fuse_0603_1608Metric,0603,0.432 mm,2 A,,32 V,,35A@32VDC,0.1891,FAST,0.028,- 55°C,90°C,SMT,,,2025-08-06 / BLU,,,Bel Fuse Inc.,C2Q 2,https://www.belfuse.com/media/datasheets/products/circuit-protection/ds-cp-c2q-series.pdf,,,DIGIKEY,5923-C2Q2CT-ND,ACTIVE,
Passive Component / Fuse,generic,F_0603_2.5A_32V_FAST_generic,0,generic Fuse 2.5 A 0603 32 V FAST,,F,2.5 A,Device:Fuse,Fuse:Fuse_0603_1608Metric,0603,0.432 mm,2.5 A,,32 V,,35A@32VDC,0.2066,FAST,0.021,- 55°C,90°C,SMT,,,2025-08-06 / BLU,,"VBREAKDCMAX, PACKAGE, BLOWCHARACTERISTIC",,,,,,,,,"F_0603_2.5A_32V_FAST_LittelfuseInc_0467025NRHF, F_0603_2.5A_32V_FAST_AEMComponents_T0603FF2500TM, F_0603_2.5A_32V_FAST_BelFuseInc_C2Q25"
Passive Component / Fuse,specific,F_0603_2.5A_32V_FAST_LittelfuseInc_0467025NRHF,0,Fuse 2.5 A 0603 32 V FAST,,F,2.5 A,Device:Fuse,Fuse:Fuse_0603_1608Metric,0603,0.432 mm,2.5 A,,32 V,,35A@32VDC,0.2066,FAST,0.021,- 55°C,90°C,SMT,,,2025-08-06 / BLU,,,Littelfuse Inc.,046702.5NRHF,https://www.littelfuse.com/assetdocs/littelfuse_fuse_467_datasheet.pdf?assetguid=4a59f034-1cca-460e-a5ba-e1e66247c76d,,,DIGIKEY,F5703CT-ND,ACTIVE,
Passive Component / Fuse,specific,F_0603_2.5A_32V_FAST_AEMComponents_T0603FF2500TM,0,Fuse 2.5 A 0603 32 V FAST,,F,2.5 A,Device:Fuse,Fuse:Fuse_0603_1608Metric,0603,0.432 mm,2.5 A,,32 V,,35A@32VDC,0.2066,FAST,0.021,- 55°C,90°C,SMT,,,2025-08-06 / BLU,,,AEM Components,T0603FF2500TM,https://aemcomponents.media.zestyio.com/AEM-T0603FF.pdf,,,DIGIKEY,5673-T0603FF2500TMCT-ND,ACTIVE,
Passive Component / Fuse,specific,F_0603_2.5A_32V_FAST_BelFuseInc_C2Q25,0,Fuse 2.5 A 0603 32 V FAST,,F,2.5 A,Device:Fuse,Fuse:Fuse_0603_1608Metric,0603,0.432 mm,2.5 A,,32 V,,35A@32VDC,0.2066,FAST,0.021,- 55°C,90°C,SMT,,,2025-08-06 / BLU,,,Bel Fuse Inc.,C2Q 2.5,https://www.belfuse.com/media/datasheets/products/circuit-protection/ds-cp-c2q-series.pdf,,,DIGIKEY,5923-C2Q2.5CT-ND,ACTIVE,
Passive Component / Fuse,generic,F_0603_3A_32V_FAST_generic,0,generic Fuse 3 A 0603 32 V FAST,,F,3 A,Device:Fuse,Fuse:Fuse_0603_1608Metric,0603,0.432 mm,3 A,,32 V,,35A@32VDC,0.2403,FAST,0.017,- 55°C,90°C,SMT,,,2025-08-06 / BLU,,"VBREAKDCMAX, PACKAGE, BLOWCHARACTERISTIC",,,,,,,,,"F_0603_3A_32V_FAST_LittelfuseInc_0467003NRHF, F_0603_3A_32V_FAST_AEMComponents_T0603FF3000TM, F_0603_3A_32V_FAST_BelFuseInc_C2Q3"
Passive Component / Fuse,specific,F_0603_3A_32V_FAST_LittelfuseInc_0467003NRHF,0,Fuse 3 A 0603 32 V FAST,,F,3 A,Device:Fuse,Fuse:Fuse_0603_1608Metric,0603,0.432 mm,3 A,,32 V,,35A@32VDC,0.2403,FAST,0.017,- 55°C,90°C,SMT,,,2025-08-06 / BLU,,,Littelfuse Inc.,0467003.NRHF,https://www.littelfuse.com/assetdocs/littelfuse_fuse_467_datasheet.pdf?assetguid=4a59f034-1cca-460e-a5ba-e1e66247c76d,,,DIGIKEY,F5700CT-ND,ACTIVE,
Passive Component / Fuse,specific,F_0603_3A_32V_FAST_AEMComponents_T0603FF3000TM,0,Fuse 3 A 0603 32 V FAST,,F,3 A,Device:Fuse,Fuse:Fuse_0603_1608Metric,0603,0.432 mm,3 A,,32 V,,35A@32VDC,0.2403,FAST,0.017,- 55°C,90°C,SMT,,,2025-08-06 / BLU,,,AEM Components,T0603FF3000TM,https://aemcomponents.media.zestyio.com/AEM-T0603FF.pdf,,,DIGIKEY,5673-T0603FF3000TMCT-ND,ACTIVE,
Passive Component / Fuse,specific,F_0603_3A_32V_FAST_BelFuseInc_C2Q3,0,Fuse 3 A 0603 32 V FAST,,F,3 A,Device:Fuse,Fuse:Fuse_0603_1608Metric,0603,0.432 mm,3 A,,32 V,,35A@32VDC,0.2403,FAST,0.017,- 55°C,90°C,SMT,,,2025-08-06 / BLU,,,Bel Fuse Inc.,C2Q 3,https://www.belfuse.com/media/datasheets/products/circuit-protection/ds-cp-c2q-series.pdf,,,DIGIKEY,5923-C2Q3CT-ND,ACTIVE,
Passive Component / Fuse,generic,F_0603_3.5A_32V_FAST_generic,0,generic Fuse 3.5 A 0603 32 V FAST,,F,3.5 A,Device:Fuse,Fuse:Fuse_0603_1608Metric,0603,0.432 mm,3.5 A,,32 V,,35A@32VDC,0.4306,FAST,0.0139,- 55°C,90°C,SMT,,,2025-08-06 / BLU,,"VBREAKDCMAX, PACKAGE, BLOWCHARACTERISTIC",,,,,,,,,"F_0603_3.5A_32V_FAST_LittelfuseInc_0467035NRHF, F_0603_3.5A_32V_FAST_AEMComponents_T0603FF3500TM, F_0603_3.5A_32V_FAST_BelFuseInc_C2Q35"
Passive Component / Fuse,specific,F_0603_3.5A_32V_FAST_LittelfuseInc_0467035NRHF,0,Fuse 3.5 A 0603 32 V FAST,,F,3.5 A,Device:Fuse,Fuse:Fuse_0603_1608Metric,0603,0.432 mm,3.5 A,,32 V,,35A@32VDC,0.4306,FAST,0.0139,- 55°C,90°C,SMT,,,2025-08-06 / BLU,,,Littelfuse Inc.,046703.5NRHF,https://www.littelfuse.com/assetdocs/littelfuse_fuse_467_datasheet.pdf?assetguid=4a59f034-1cca-460e-a5ba-e1e66247c76d,,,DIGIKEY,F6144TR-ND,ACTIVE,
Passive Component / Fuse,specific,F_0603_3.5A_32V_FAST_AEMComponents_T0603FF3500TM,0,Fuse 3.5 A 0603 32 V FAST,,F,3.5 A,Device:Fuse,Fuse:Fuse_0603_1608Metric,0603,0.432 mm,3.5 A,,32 V,,35A@32VDC,0.4306,FAST,0.0139,- 55°C,90°C,SMT,,,2025-08-06 / BLU,,,AEM Components,T0603FF3500TM,https://aemcomponents.media.zestyio.com/AEM-T0603FF.pdf,,,DIGIKEY,5673-T0603FF3500TMCT-ND,ACTIVE,
Passive Component / Fuse,specific,F_0603_3.5A_32V_FAST_BelFuseInc_C2Q35,0,Fuse 3.5 A 0603 32 V FAST,,F,3.5 A,Device:Fuse,Fuse:Fuse_0603_1608Metric,0603,0.432 mm,3.5 A,,32 V,,35A@32VDC,0.4306,FAST,0.0139,- 55°C,90°C,SMT,,,2025-08-06 / BLU,,,Bel Fuse Inc.,C2Q 3.5,https://www.belfuse.com/media/datasheets/products/circuit-protection/ds-cp-c2q-series.pdf,,,DIGIKEY,5923-C2Q3.5CT-ND,ACTIVE,
Passive Component / Fuse,generic,F_0603_4A_32V_FAST_generic,0,generic Fuse 4 A 0603 32 V FAST,,F,4 A,Device:Fuse,Fuse:Fuse_0603_1608Metric,0603,0.432 mm,4 A,,32 V,,35A@32VDC,0.841,FAST,0.0118,- 55°C,90°C,SMT,,,2025-08-06 / BLU,,"VBREAKDCMAX, PACKAGE, BLOWCHARACTERISTIC",,,,,,,,,"F_0603_4A_32V_FAST_LittelfuseInc_0467004NRHF, F_0603_4A_32V_FAST_AEMComponents_T0603FF4000TM, F_0603_4A_32V_FAST_BelFuseInc_C2Q4"
Passive Component / Fuse,specific,F_0603_4A_32V_FAST_LittelfuseInc_0467004NRHF,0,Fuse 4 A 0603 32 V FAST,,F,4 A,Device:Fuse,Fuse:Fuse_0603_1608Metric,0603,0.432 mm,4 A,,32 V,,35A@32VDC,0.841,FAST,0.0118,- 55°C,90°C,SMT,,,2025-08-06 / BLU,,,Littelfuse Inc.,0467004.NRHF,https://www.littelfuse.com/assetdocs/littelfuse_fuse_467_datasheet.pdf?assetguid=4a59f034-1cca-460e-a5ba-e1e66247c76d,,,DIGIKEY,F6021CT-ND,ACTIVE,
Passive Component / Fuse,specific,F_0603_4A_32V_FAST_AEMComponents_T0603FF4000TM,0,Fuse 4 A 0603 32 V FAST,,F,4 A,Device:Fuse,Fuse:Fuse_0603_1608Metric,0603,0.432 mm,4 A,,32 V,,35A@32VDC,0.841,FAST,0.0118,- 55°C,90°C,SMT,,,2025-08-06 / BLU,,,AEM Components,T0603FF4000TM,https://aemcomponents.media.zestyio.com/AEM-T0603FF.pdf,,,DIGIKEY,5673-T0603FF4000TMCT-ND,ACTIVE,
Passive Component / Fuse,specific,F_0603_4A_32V_FAST_BelFuseInc_C2Q4,0,Fuse 4 A 0603 32 V FAST,,F,4 A,Device:Fuse,Fuse:Fuse_0603_1608Metric,0603,0.432 mm,4 A,,32 V,,35A@32VDC,0.841,FAST,0.0118,- 55°C,90°C,SMT,,,2025-08-06 / BLU,,,Bel Fuse Inc.,C2Q 4,https://www.belfuse.com/media/datasheets/products/circuit-protection/ds-cp-c2q-series.pdf,,,DIGIKEY,5923-C2Q4CT-ND,ACTIVE,
Passive Component / Fuse,generic,F_0603_5A_32V_FAST_generic,0,generic Fuse 5 A 0603 32 V FAST,,F,5 A,Device:Fuse,Fuse:Fuse_0603_1608Metric,0603,0.432 mm,5 A,,32 V,,35A@32VDC,0.9,FAST,0.0089,- 55°C,90°C,SMT,,,2025-08-06 / BLU,,"VBREAKDCMAX, PACKAGE, BLOWCHARACTERISTIC",,,,,,,,,"F_0603_5A_32V_FAST_LittelfuseInc_0467005NRHF, F_0603_5A_32V_FAST_AEMComponents_T0603FF5000TM, F_0603_5A_32V_FAST_BelFuseInc_C2Q5"
Passive Component / Fuse,specific,F_0603_5A_32V_FAST_LittelfuseInc_0467005NRHF,0,Fuse 5 A 0603 32 V FAST,,F,5 A,Device:Fuse,Fuse:Fuse_0603_1608Metric,0603,0.432 mm,5 A,,32 V,,35A@32VDC,0.9,FAST,0.0089,- 55°C,90°C,SMT,,,2025-08-06 / BLU,,,Littelfuse Inc.,0467005.NRHF,https://www.littelfuse.com/assetdocs/littelfuse_fuse_467_datasheet.pdf?assetguid=4a59f034-1cca-460e-a5ba-e1e66247c76d,,,DIGIKEY,F5701CT-ND,ACTIVE,
Passive Component / Fuse,specific,F_0603_5A_32V_FAST_AEMComponents_T0603FF5000TM,0,Fuse 5 A 0603 32 V FAST,,F,5 A,Device:Fuse,Fuse:Fuse_0603_1608Metric,0603,0.432 mm,5 A,,32 V,,35A@32VDC,0.9,FAST,0.0089,- 55°C,90°C,SMT,,,2025-08-06 / BLU,,,AEM Components,T0603FF5000TM,https://aemcomponents.media.zestyio.com/AEM-T0603FF.pdf,,,DIGIKEY,5673-T0603FF5000TMCT-ND,ACTIVE,
Passive Component / Fuse,specific,F_0603_5A_32V_FAST_BelFuseInc_C2Q5,0,Fuse 5 A 0603 32 V FAST,,F,5 A,Device:Fuse,Fuse:Fuse_0603_1608Metric,0603,0.432 mm,5 A,,32 V,,35A@32VDC,0.9,FAST,0.0089,- 55°C,90°C,SMT,,,2025-08-06 / BLU,,,Bel Fuse Inc.,C2Q 5,https://www.belfuse.com/media/datasheets/products/circuit-protection/ds-cp-c2q-series.pdf,,,DIGIKEY,5923-C2Q5CT-ND,ACTIVE,
Passive Component / Fuse,generic,F_1206_250mA_125V_FAST_generic,0,generic Fuse 250 mA 1206 125 V FAST,,F,250 mA,Device:Fuse,Fuse:Fuse_1206_3216Metric,1206,0.56 mm,250 mA,,125 V,,50A@125VDC,0.0022,FAST,0.691,- 55°C,90°C,SMT,,,2025-08-06 / BLU,,"VBREAKDCMAX, PACKAGE, BLOWCHARACTERISTIC",,,,,,,,,"F_1206_250mA_125V_FAST_LittelfuseInc_0466250NRHF, F_1206_250mA_125V_FAST_BelFuseInc_C1F250"
Passive Component / Fuse,specific,F_1206_250mA_125V_FAST_LittelfuseInc_0466250NRHF,0,Fuse 250 mA 1206 125 V FAST,,F,250 mA,Device:Fuse,Fuse:Fuse_1206_3216Metric,1206,0.56 mm,250 mA,,125 V,,50A@125VDC,0.0022,FAST,0.691,- 55°C,90°C,SMT,,,2025-08-06 / BLU,,,Littelfuse Inc.,0466.250NRHF,https://www.littelfuse.com/assetdocs/fuse-466-datasheet?assetguid=dbe9bcd7-6072-4adf-bf5b-d33e52a6b90f,,,DIGIKEY,F5692CT-ND,ACTIVE,
Passive Component / Fuse,specific,,0,Fuse 250 mA 1206 125 V FAST,,F,250 mA,Device:Fuse,Fuse:Fuse_1206_3216Metric,1206,0.56 mm,250 mA,,125 V,,50A@125VDC,0.0022,FAST,0.691,- 55°C,90°C,SMT,,,2025-08-06 / BLU,,,,,,,,,,,
Passive Component / Fuse,specific,F_1206_250mA_125V_FAST_BelFuseInc_C1F250,0,Fuse 250 mA 1206 125 V FAST,,F,250 mA,Device:Fuse,Fuse:Fuse_1206_3216Metric,1206,0.56 mm,250 mA,,125 V,,50A@125VDC,0.0022,FAST,0.691,- 55°C,90°C,SMT,,,2025-08-06 / BLU,,,Bel Fuse Inc.,C1F 250,https://www.belfuse.com/media/datasheets/products/circuit-protection/ds-cp-c1f-series.pdf,,,DIGIKEY,5923-C1F250CT-ND,ACTIVE,
Passive Component / Fuse,generic,F_1206_375mA_125V_FAST_generic,0,generic Fuse 375 mA 1206 125 V FAST,,F,375 mA,Device:Fuse,Fuse:Fuse_1206_3216Metric,1206,0.56 mm,375 mA,,125 V,,50A@125VDC,0.0045,FAST,0.351,- 55°C,90°C,SMT,,,2025-08-06 / BLU,,"VBREAKDCMAX, PACKAGE, BLOWCHARACTERISTIC",,,,,,,,,"F_1206_375mA_125V_FAST_LittelfuseInc_0466375NRHF, F_1206_375mA_125V_FAST_BelFuseInc_C1F375"
Passive Component / Fuse,specific,F_1206_375mA_125V_FAST_LittelfuseInc_0466375NRHF,0,Fuse 375 mA 1206 125 V FAST,,F,375 mA,Device:Fuse,Fuse:Fuse_1206_3216Metric,1206,0.56 mm,375 mA,,125 V,,50A@125VDC,0.0045,FAST,0.351,- 55°C,90°C,SMT,,,2025-08-06 / BLU,,,Littelfuse Inc.,0466.375NRHF,https://www.littelfuse.com/assetdocs/fuse-466-datasheet?assetguid=dbe9bcd7-6072-4adf-bf5b-d33e52a6b90f,,,DIGIKEY,F5693CT-ND,ACTIVE,
Passive Component / Fuse,specific,,0,Fuse 375 mA 1206 125 V FAST,,F,375 mA,Device:Fuse,Fuse:Fuse_1206_3216Metric,1206,0.56 mm,375 mA,,125 V,,50A@125VDC,0.0045,FAST,0.351,- 55°C,90°C,SMT,,,2025-08-06 / BLU,,,,,,,,,,,
Passive Component / Fuse,specific,F_1206_375mA_125V_FAST_BelFuseInc_C1F375,0,Fuse 375 mA 1206 125 V FAST,,F,375 mA,Device:Fuse,Fuse:Fuse_1206_3216Metric,1206,0.56 mm,375 mA,,125 V,,50A@125VDC,0.0045,FAST,0.351,- 55°C,90°C,SMT,,,2025-08-06 / BLU,,,Bel Fuse Inc.,C1F 375,https://www.belfuse.com/media/datasheets/products/circuit-protection/ds-cp-c1f-series.pdf,,,DIGIKEY,5923-C1F375CT-ND,ACTIVE,
Passive Component / Fuse,generic,F_1206_500mA_63V_FAST_generic,0,generic Fuse 500 mA 1206 63 V FAST,,F,500 mA,Device:Fuse,Fuse:Fuse_1206_3216Metric,1206,0.56 mm,500 mA,,63 V,,50A@63VDC,0.006,FAST,0.248,- 55°C,90°C,SMT,,,2025-08-06 / BLU,,"VBREAKDCMAX, PACKAGE, BLOWCHARACTERISTIC",,,,,,,,,"F_1206_500mA_63V_FAST_LittelfuseInc_0466500NRHF, F_1206_500mA_63V_FAST_AEMComponents_F1206FA0500V063TM, F_1206_500mA_63V_FAST_BelFuseInc_C1F500"
Passive Component / Fuse,specific,F_1206_500mA_63V_FAST_LittelfuseInc_0466500NRHF,0,Fuse 500 mA 1206 63 V FAST,,F,500 mA,Device:Fuse,Fuse:Fuse_1206_3216Metric,1206,0.56 mm,500 mA,,63 V,,50A@63VDC,0.006,FAST,0.248,- 55°C,90°C,SMT,,,2025-08-06 / BLU,,,Littelfuse Inc.,0466.500NRHF,https://www.littelfuse.com/assetdocs/fuse-466-datasheet?assetguid=dbe9bcd7-6072-4adf-bf5b-d33e52a6b90f,,,DIGIKEY,F5694CT-ND,ACTIVE,
Passive Component / Fuse,specific,F_1206_500mA_63V_FAST_AEMComponents_F1206FA0500V063TM,0,Fuse 500 mA 1206 63 V FAST,,F,500 mA,Device:Fuse,Fuse:Fuse_1206_3216Metric,1206,0.56 mm,500 mA,,63 V,,50A@63VDC,0.006,FAST,0.248,- 55°C,90°C,SMT,,,2025-08-06 / BLU,,,AEM Components,F1206FA0500V063TM,https://aemcomponents.media.zestyio.com/AEM-F1206FA.pdf,,,DIGIKEY,5673-F1206FA0500V063TMCT-ND,ACTIVE,
Passive Component / Fuse,specific,F_1206_500mA_63V_FAST_BelFuseInc_C1F500,0,Fuse 500 mA 1206 63 V FAST,,F,500 mA,Device:Fuse,Fuse:Fuse_1206_3216Metric,1206,0.56 mm,500 mA,,63 V,,50A@63VDC,0.006,FAST,0.248,- 55°C,90°C,SMT,,,2025-08-06 / BLU,,,Bel Fuse Inc.,C1F 500,https://www.belfuse.com/media/datasheets/products/circuit-protection/ds-cp-c1f-series.pdf,,,DIGIKEY,5923-C1F500CT-ND,ACTIVE,
Passive Component / Fuse,generic,F_1206_750mA_63V_FAST_generic,0,generic Fuse 750 mA 1206 63 V FAST,,F,750 mA,Device:Fuse,Fuse:Fuse_1206_3216Metric,1206,0.56 mm,750 mA,,63 V,,50A@63VDC,0.0276,FAST,0.106,- 55°C,90°C,SMT,,,2025-08-06 / BLU,,"VBREAKDCMAX, PACKAGE, BLOWCHARACTERISTIC",,,,,,,,,"F_1206_750mA_63V_FAST_LittelfuseInc_0466750NRHF, F_1206_750mA_63V_FAST_AEMComponents_F1206FA0750V063TM, F_1206_750mA_63V_FAST_BelFuseInc_C1F750"
Passive Component / Fuse,specific,F_1206_750mA_63V_FAST_LittelfuseInc_0466750NRHF,0,Fuse 750 mA 1206 63 V FAST,,F,750 mA,Device:Fuse,Fuse:Fuse_1206_3216Metric,1206,0.56 mm,750 mA,,63 V,,50A@63VDC,0.0276,FAST,0.106,- 55°C,90°C,SMT,,,2025-08-06 / BLU,,,Littelfuse Inc.,0466.750NRHF,https://www.littelfuse.com/assetdocs/fuse-466-datasheet?assetguid=dbe9bcd7-6072-4adf-bf5b-d33e52a6b90f,,,DIGIKEY,F6142CT-ND,ACTIVE,
Passive Component / Fuse,specific,F_1206_750mA_63V_FAST_AEMComponents_F1206FA0750V063TM,0,Fuse 750 mA 1206 63 V FAST,,F,750 mA,Device:Fuse,Fuse:Fuse_1206_3216Metric,1206,0.56 mm,750 mA,,63 V,,50A@63VDC,0.0276,FAST,0.106,- 55°C,90°C,SMT,,,2025-08-06 / BLU,,,AEM Components,F1206FA0750V063TM,https://aemcomponents.media.zestyio.com/AEM-F1206FA.pdf,,,DIGIKEY,5673-F1206FA0750V063TMCT-ND,ACTIVE,
Passive Component / Fuse,specific,F_1206_750mA_63V_FAST_BelFuseInc_C1F750,0,Fuse 750 mA 1206 63 V FAST,,F,750 mA,Device:Fuse,Fuse:Fuse_1206_3216Metric,1206,0.56 mm,750 mA,,63 V,,50A@63VDC,0.0276,FAST,0.106,- 55°C,90°C,SMT,,,2025-08-06 / BLU,,,Bel Fuse Inc.,C1F 750,https://www.belfuse.com/media/datasheets/products/circuit-protection/ds-cp-c1f-series.pdf,,,DIGIKEY,5923-C1F750CT-ND,ACTIVE,
Passive Component / Fuse,generic,F_1206_1A_63V_FAST_generic,0,generic Fuse 1 A 1206 63 V FAST,,F,1 A,Device:Fuse,Fuse:Fuse_1206_3216Metric,1206,0.56 mm,1 A,,63 V,,50A@63VDC,0.0423,FAST,0.075,- 55°C,90°C,SMT,,,2025-08-06 / BLU,,"VBREAKDCMAX, PACKAGE, BLOWCHARACTERISTIC",,,,,,,,,"F_1206_1A_63V_FAST_LittelfuseInc_0466001NRHF, F_1206_1A_63V_FAST_AEMComponents_F1206FA1000V063TM, F_1206_1A_63V_FAST_BelFuseInc_C1F1"
Passive Component / Fuse,specific,F_1206_1A_63V_FAST_LittelfuseInc_0466001NRHF,0,Fuse 1 A 1206 63 V FAST,,F,1 A,Device:Fuse,Fuse:Fuse_1206_3216Metric,1206,0.56 mm,1 A,,63 V,,50A@63VDC,0.0423,FAST,0.075,- 55°C,90°C,SMT,,,2025-08-06 / BLU,,,Littelfuse Inc.,0466001.NRHF,https://www.littelfuse.com/assetdocs/fuse-466-datasheet?assetguid=dbe9bcd7-6072-4adf-bf5b-d33e52a6b90f,,,DIGIKEY,F5695CT-ND,ACTIVE,
Passive Component / Fuse,specific,F_1206_1A_63V_FAST_AEMComponents_F1206FA1000V063TM,0,Fuse 1 A 1206 63 V FAST,,F,1 A,Device:Fuse,Fuse:Fuse_1206_3216Metric,1206,0.56 mm,1 A,,63 V,,50A@63VDC,0.0423,FAST,0.075,- 55°C,90°C,SMT,,,2025-08-06 / BLU,,,AEM Components,F1206FA1000V063TM,https://aemcomponents.media.zestyio.com/AEM-F1206FA.pdf,,,DIGIKEY,5673-F1206FA1000V063TMCT-ND,ACTIVE,
Passive Component / Fuse,specific,F_1206_1A_63V_FAST_BelFuseInc_C1F1,0,Fuse 1 A 1206 63 V FAST,,F,1 A,Device:Fuse,Fuse:Fuse_1206_3216Metric,1206,0.56 mm,1 A,,63 V,,50A@63VDC,0.0423,FAST,0.075,- 55°C,90°C,SMT,,,2025-08-06 / BLU,,,Bel Fuse Inc.,C1F 1,https://www.belfuse.com/media/datasheets/products/circuit-protection/ds-cp-c1f-series.pdf,,,DIGIKEY,5923-C1F1CT-ND,ACTIVE,
Passive Component / Fuse,generic,F_1206_1.25A_63V_FAST_generic,0,generic Fuse 1.25 A 1206 63 V FAST,,F,1.25 A,Device:Fuse,Fuse:Fuse_1206_3216Metric,1206,0.56 mm,1.25 A,,63 V,,50A@63VDC,0.064,FAST,0.057,- 55°C,90°C,SMT,,,2025-08-06 / BLU,,"VBREAKDCMAX, PACKAGE, BLOWCHARACTERISTIC",,,,,,,,,"F_1206_1.25A_63V_FAST_LittelfuseInc_0466125NRHF, F_1206_1.25A_63V_FAST_BelFuseInc_C1F125"
Passive Component / Fuse,specific,F_1206_1.25A_63V_FAST_LittelfuseInc_0466125NRHF,0,Fuse 1.25 A 1206 63 V FAST,,F,1.25 A,Device:Fuse,Fuse:Fuse_1206_3216Metric,1206,0.56 mm,1.25 A,,63 V,,50A@63VDC,0.064,FAST,0.057,- 55°C,90°C,SMT,,,2025-08-06 / BLU,,,Littelfuse Inc.,04661.25NRHF,https://www.littelfuse.com/assetdocs/fuse-466-datasheet?assetguid=dbe9bcd7-6072-4adf-bf5b-d33e52a6b90f,,,DIGIKEY,F11418CT-ND,ACTIVE,
Passive Component / Fuse,specific,,0,Fuse 1.25 A 1206 63 V FAST,,F,1.25 A,Device:Fuse,Fuse:Fuse_1206_3216Metric,1206,0.56 mm,1.25 A,,63 V,,50A@63VDC,0.064,FAST,0.057,- 55°C,90°C,SMT,,,2025-08-06 / BLU,,,,,,,,,,,
Passive Component / Fuse,specific,F_1206_1.25A_63V_FAST_BelFuseInc_C1F125,0,Fuse 1.25 A 1206 63 V FAST,,F,1.25 A,Device:Fuse,Fuse:Fuse_1206_3216Metric,1206,0.56 mm,1.25 A,,63 V,,50A@63VDC,0.064,FAST,0.057,- 55°C,90°C,SMT,,,2025-08-06 / BLU,,,Bel Fuse Inc.,C1F 1.25,https://www.belfuse.com/media/datasheets/products/circuit-protection/ds-cp-c1f-series.pdf,,,DIGIKEY,5923-C1F1.25CT-ND,ACTIVE,
Passive Component / Fuse,generic,F_1206_1.5A_63V_FAST_generic,0,generic Fuse 1.5 A 1206 63 V FAST,,F,1.5 A,Device:Fuse,Fuse:Fuse_1206_3216Metric,1206,0.56 mm,1.5 A,,63 V,,50A@63VDC,0.1103,FAST,0.046,- 55°C,90°C,SMT,,,2025-08-06 / BLU,,"VBREAKDCMAX, PACKAGE, BLOWCHARACTERISTIC",,,,,,,,,"F_1206_1.5A_63V_FAST_LittelfuseInc_0466015NRHF, F_1206_1.5A_63V_FAST_AEMComponents_F1206FA1500V063TM, F_1206_1.5A_63V_FAST_BelFuseInc_C1F15"
Passive Component / Fuse,specific,F_1206_1.5A_63V_FAST_LittelfuseInc_0466015NRHF,0,Fuse 1.5 A 1206 63 V FAST,,F,1.5 A,Device:Fuse,Fuse:Fuse_1206_3216Metric,1206,0.56 mm,1.5 A,,63 V,,50A@63VDC,0.1103,FAST,0.046,- 55°C,90°C,SMT,,,2025-08-06 / BLU,,,Littelfuse Inc.,046601.5NRHF,https://www.littelfuse.com/assetdocs/fuse-466-datasheet?assetguid=dbe9bcd7-6072-4adf-bf5b-d33e52a6b90f,,,DIGIKEY,F5697CT-ND,ACTIVE,
Passive Component / Fuse,specific,F_1206_1.5A_63V_FAST_AEMComponents_F1206FA1500V063TM,0,Fuse 1.5 A 1206 63 V FAST,,F,1.5 A,Device:Fuse,Fuse:Fuse_1206_3216Metric,1206,0.56 mm,1.5 A,,63 V,,50A@63VDC,0.1103,FAST,0.046,- 55°C,90°C,SMT,,,2025-08-06 / BLU,,,AEM Components,F1206FA1500V063TM,https://aemcomponents.media.zestyio.com/AEM-F1206FA.pdf,,,DIGIKEY,5673-F1206FA1500V063TMCT-ND,ACTIVE,
Passive Component / Fuse,specific,F_1206_1.5A_63V_FAST_BelFuseInc_C1F15,0,Fuse 1.5 A 1206 63 V FAST,,F,1.5 A,Device:Fuse,Fuse:Fuse_1206_3216Metric,1206,0.56 mm,1.5 A,,63 V,,50A@63VDC,0.1103,FAST,0.046,- 55°C,90°C,SMT,,,2025-08-06 / BLU,,,Bel Fuse Inc.,C1F 1.5,https://www.belfuse.com/media/datasheets/products/circuit-protection/ds-cp-c1f-series.pdf,,,DIGIKEY,5923-C1F1.5CT-ND,ACTIVE,
Passive Component / Fuse,generic,F_1206_1.75A_63V_FAST_generic,0,generic Fuse 1.75 A 1206 63 V FAST,,F,1.75 A,Device:Fuse,Fuse:Fuse_1206_3216Metric,1206,0.56 mm,1.75 A,,63 V,,50A@63VDC,0.1835,FAST,0.038,- 55°C,90°C,SMT,,,2025-08-06 / BLU,,"VBREAKDCMAX, PACKAGE, BLOWCHARACTERISTIC",,,,,,,,,"F_1206_1.75A_63V_FAST_LittelfuseInc_0466175NRHF, F_1206_1.75A_63V_FAST_AEMComponents_F1206FA1750V063TM"
Passive Component / Fuse,specific,F_1206_1.75A_63V_FAST_LittelfuseInc_0466175NRHF,0,Fuse 1.75 A 1206 63 V FAST,,F,1.75 A,Device:Fuse,Fuse:Fuse_1206_3216Metric,1206,0.56 mm,1.75 A,,63 V,,50A@63VDC,0.1835,FAST,0.038,- 55°C,90°C,SMT,,,2025-08-06 / BLU,,,Littelfuse Inc.,04661.75NRHF,https://www.littelfuse.com/assetdocs/fuse-466-datasheet?assetguid=dbe9bcd7-6072-4adf-bf5b-d33e52a6b90f,,,DIGIKEY,04661.75NRHF-ND,ACTIVE,
Passive Component / Fuse,specific,F_1206_1.75A_63V_FAST_AEMComponents_F1206FA1750V063TM,0,Fuse 1.75 A 1206 63 V FAST,,F,1.75 A,Device:Fuse,Fuse:Fuse_1206_3216Metric,1206,0.56 mm,1.75 A,,63 V,,50A@63VDC,0.1835,FAST,0.038,- 55°C,90°C,SMT,,,2025-08-06 / BLU,,,AEM Components,F1206FA1750V063TM,https://aemcomponents.media.zestyio.com/AEM-F1206FA.pdf,,,DIGIKEY,5673-F1206FA1750V063TMCT-ND,ACTIVE,
Passive Component / Fuse,specific,,0,Fuse 1.75 A 1206 63 V FAST,,F,1.75 A,Device:Fuse,Fuse:Fuse_1206_3216Metric,1206,0.56 mm,1.75 A,,63 V,,50A@63VDC,0.1835,FAST,0.038,- 55°C,90°C,SMT,,,2025-08-06 / BLU,,,,,,,,,,,
Passive Component / Fuse,generic,F_1206_2A_63V_FAST_generic,0,generic Fuse 2 A 1206 63 V FAST,,F,2 A,Device:Fuse,Fuse:Fuse_1206_3216Metric,1206,0.56 mm,2 A,,63 V,,50A@63VDC,0.2326,FAST,0.03,- 55°C,90°C,SMT,,,2025-08-06 / BLU,,"VBREAKDCMAX, PACKAGE, BLOWCHARACTERISTIC",,,,,,,,,"F_1206_2A_63V_FAST_LittelfuseInc_0466002NRHF, F_1206_2A_63V_FAST_AEMComponents_F1206FA2000V063TM, F_1206_2A_63V_FAST_BelFuseInc_C1F2"
Passive Component / Fuse,specific,F_1206_2A_63V_FAST_LittelfuseInc_0466002NRHF,0,Fuse 2 A 1206 63 V FAST,,F,2 A,Device:Fuse,Fuse:Fuse_1206_3216Metric,1206,0.56 mm,2 A,,63 V,,50A@63VDC,0.2326,FAST,0.03,- 55°C,90°C,SMT,,,2025-08-06 / BLU,,,Littelfuse Inc.,0466002.NRHF,https://www.littelfuse.com/assetdocs/fuse-466-datasheet?assetguid=dbe9bcd7-6072-4adf-bf5b-d33e52a6b90f,,,DIGIKEY,F5696CT-ND,ACTIVE,
Passive Component / Fuse,specific,F_1206_2A_63V_FAST_AEMComponents_F1206FA2000V063TM,0,Fuse 2 A 1206 63 V FAST,,F,2 A,Device:Fuse,Fuse:Fuse_1206_3216Metric,1206,0.56 mm,2 A,,63 V,,50A@63VDC,0.2326,FAST,0.03,- 55°C,90°C,SMT,,,2025-08-06 / BLU,,,AEM Components,F1206FA2000V063TM,https://aemcomponents.media.zestyio.com/AEM-F1206FA.pdf,,,DIGIKEY,5673-F1206FA2000V063TMCT-ND,ACTIVE,
Passive Component / Fuse,specific,F_1206_2A_63V_FAST_BelFuseInc_C1F2,0,Fuse 2 A 1206 63 V FAST,,F,2 A,Device:Fuse,Fuse:Fuse_1206_3216Metric,1206,0.56 mm,2 A,,63 V,,50A@63VDC,0.2326,FAST,0.03,- 55°C,90°C,SMT,,,2025-08-06 / BLU,,,Bel Fuse Inc.,C1F 2,https://www.belfuse.com/media/datasheets/products/circuit-protection/ds-cp-c1f-series.pdf,,,DIGIKEY,5923-C1F2CT-ND,ACTIVE,
Passive Component / Fuse,generic,F_1206_2.5A_32V_FAST_generic,0,generic Fuse 2.5 A 1206 32 V FAST,,F,2.5 A,Device:Fuse,Fuse:Fuse_1206_3216Metric,1206,0.56 mm,2.5 A,,32 V,,50A@32VDC,0.3516,FAST,0.023,- 55°C,90°C,SMT,,,2025-08-06 / BLU,,"VBREAKDCMAX, PACKAGE, BLOWCHARACTERISTIC",,,,,,,,,"F_1206_2.5A_32V_FAST_LittelfuseInc_0466025NRHF, F_1206_2.5A_32V_FAST_AEMComponents_F1206FA2500V032TM, F_1206_2.5A_32V_FAST_BelFuseInc_C1F25"
Passive Component / Fuse,specific,F_1206_2.5A_32V_FAST_LittelfuseInc_0466025NRHF,0,Fuse 2.5 A 1206 32 V FAST,,F,2.5 A,Device:Fuse,Fuse:Fuse_1206_3216Metric,1206,0.56 mm,2.5 A,,32 V,,50A@32VDC,0.3516,FAST,0.023,- 55°C,90°C,SMT,,,2025-08-06 / BLU,,,Littelfuse Inc.,046602.5NRHF,https://www.littelfuse.com/assetdocs/fuse-466-datasheet?assetguid=dbe9bcd7-6072-4adf-bf5b-d33e52a6b90f,,,DIGIKEY,F6143CT-ND,ACTIVE,
Passive Component / Fuse,specific,F_1206_2.5A_32V_FAST_AEMComponents_F1206FA2500V032TM,0,Fuse 2.5 A 1206 32 V FAST,,F,2.5 A,Device:Fuse,Fuse:Fuse_1206_3216Metric,1206,0.56 mm,2.5 A,,32 V,,50A@32VDC,0.3516,FAST,0.023,- 55°C,90°C,SMT,,,2025-08-06 / BLU,,,AEM Components,F1206FA2500V032TM,https://aemcomponents.media.zestyio.com/AEM-F1206FA.pdf,,,DIGIKEY,5673-F1206FA2500V032TMCT-ND,ACTIVE,
Passive Component / Fuse,specific,F_1206_2.5A_32V_FAST_BelFuseInc_C1F25,0,Fuse 2.5 A 1206 32 V FAST,,F,2.5 A,Device:Fuse,Fuse:Fuse_1206_3216Metric,1206,0.56 mm,2.5 A,,32 V,,50A@32VDC,0.3516,FAST,0.023,- 55°C,90°C,SMT,,,2025-08-06 / BLU,,,Bel Fuse Inc.,C1F 2.5,https://www.belfuse.com/media/datasheets/products/circuit-protection/ds-cp-c1f-series.pdf,,,DIGIKEY,5923-C1F2.5CT-ND,ACTIVE,
Passive Component / Fuse,generic,F_1206_3A_32V_FAST_generic,0,generic Fuse 3 A 1206 32 V FAST,,F,3 A,Device:Fuse,Fuse:Fuse_1206_3216Metric,1206,0.56 mm,3 A,,32 V,,50A@32VDC,0.576,FAST,0.019,- 55°C,90°C,SMT,,,2025-08-06 / BLU,,"VBREAKDCMAX, PACKAGE, BLOWCHARACTERISTIC",,,,,,,,,"F_1206_3A_32V_FAST_LittelfuseInc_0466003NRHF, F_1206_3A_32V_FAST_AEMComponents_F1206FA3000V032TM, F_1206_3A_32V_FAST_BelFuseInc_C1F3"
Passive Component / Fuse,specific,F_1206_3A_32V_FAST_LittelfuseInc_0466003NRHF,0,Fuse 3 A 1206 32 V FAST,,F,3 A,Device:Fuse,Fuse:Fuse_1206_3216Metric,1206,0.56 mm,3 A,,32 V,,50A@32VDC,0.576,FAST,0.019,- 55°C,90°C,SMT,,,2025-08-06 / BLU,,,Littelfuse Inc.,0466003.NRHF,https://www.littelfuse.com/assetdocs/fuse-466-datasheet?assetguid=dbe9bcd7-6072-4adf-bf5b-d33e52a6b90f,,,DIGIKEY,F6017CT-ND,ACTIVE,
Passive Component / Fuse,specific,F_1206_3A_32V_FAST_AEMComponents_F1206FA3000V032TM,0,Fuse 3 A 1206 32 V FAST,,F,3 A,Device:Fuse,Fuse:Fuse_1206_3216Metric,1206,0.56 mm,3 A,,32 V,,50A@32VDC,0.576,FAST,0.019,- 55°C,90°C,SMT,,,2025-08-06 / BLU,,,AEM Components,F1206FA3000V032TM,https://aemcomponents.media.zestyio.com/AEM-F1206FA.pdf,,,DIGIKEY,5673-F1206FA3000V032TMCT-ND,ACTIVE,
Passive Component / Fuse,specific,F_1206_3A_32V_FAST_BelFuseInc_C1F3,0,Fuse 3 A 1206 32 V FAST,,F,3 A,Device:Fuse,Fuse:Fuse_1206_3216Metric,1206,0.56 mm,3 A,,32 V,,50A@32VDC,0.576,FAST,0.019,- 55°C,90°C,SMT,,,2025-08-06 / BLU,,,Bel Fuse Inc.,C1F 3,https://www.belfuse.com/media/datasheets/products/circuit-protection/ds-cp-c1f-series.pdf,,,DIGIKEY,5923-C1F3CT-ND,ACTIVE,
Passive Component / Fuse,generic,F_1206_4A_32V_FAST_generic,0,generic Fuse 4 A 1206 32 V FAST,,F,4 A,Device:Fuse,Fuse:Fuse_1206_3216Metric,1206,0.56 mm,4 A,,32 V,,50A@32VDC,1.024,FAST,0.014,- 55°C,90°C,SMT,,,2025-08-06 / BLU,,"VBREAKDCMAX, PACKAGE, BLOWCHARACTERISTIC",,,,,,,,,"F_1206_4A_32V_FAST_LittelfuseInc_0466004NRHF, F_1206_4A_32V_FAST_AEMComponents_F1206FA4000V032TM, F_1206_4A_32V_FAST_BelFuseInc_C1F4"
Passive Component / Fuse,specific,F_1206_4A_32V_FAST_LittelfuseInc_0466004NRHF,0,Fuse 4 A 1206 32 V FAST,,F,4 A,Device:Fuse,Fuse:Fuse_1206_3216Metric,1206,0.56 mm,4 A,,32 V,,50A@32VDC,1.024,FAST,0.014,- 55°C,90°C,SMT,,,2025-08-06 / BLU,,,Littelfuse Inc.,0466004.NRHF,https://www.littelfuse.com/assetdocs/fuse-466-datasheet?assetguid=dbe9bcd7-6072-4adf-bf5b-d33e52a6b90f,,,DIGIKEY,F6018CT-ND,ACTIVE,
Passive Component / Fuse,specific,F_1206_4A_32V_FAST_AEMComponents_F1206FA4000V032TM,0,Fuse 4 A 1206 32 V FAST,,F,4 A,Device:Fuse,Fuse:Fuse_1206_3216Metric,1206,0.56 mm,4 A,,32 V,,50A@32VDC,1.024,FAST,0.014,- 55°C,90°C,SMT,,,2025-08-06 / BLU,,,AEM Components,F1206FA4000V032TM,https://aemcomponents.media.zestyio.com/AEM-F1206FA.pdf,,,DIGIKEY,5673-F1206FA4000V032TMCT-ND,ACTIVE,
Passive Component / Fuse,specific,F_1206_4A_32V_FAST_BelFuseInc_C1F4,0,Fuse 4 A 1206 32 V FAST,,F,4 A,Device:Fuse,Fuse:Fuse_1206_3216Metric,1206,0.56 mm,4 A,,32 V,,50A@32VDC,1.024,FAST,0.014,- 55°C,90°C,SMT,,,2025-08-06 / BLU,,,Bel Fuse Inc.,C1F 4,https://www.belfuse.com/media/datasheets/products/circuit-protection/ds-cp-c1f-series.pdf,,,DIGIKEY,5923-C1F4CT-ND,ACTIVE,
Passive Component / Fuse,generic,F_1206_5A_32V_FAST_generic,0,generic Fuse 5 A 1206 32 V FAST,,F,5 A,Device:Fuse,Fuse:Fuse_1206_3216Metric,1206,0.56 mm,5 A,,32 V,,50A@32VDC,1.6,FAST,0.011,- 55°C,90°C,SMT,,,2025-08-06 / BLU,,"VBREAKDCMAX, PACKAGE, BLOWCHARACTERISTIC",,,,,,,,,"F_1206_5A_32V_FAST_LittelfuseInc_0466005NRHF, F_1206_5A_32V_FAST_AEMComponents_F1206FA5000V032TM, F_1206_5A_32V_FAST_BelFuseInc_C1F5"
Passive Component / Fuse,specific,F_1206_5A_32V_FAST_LittelfuseInc_0466005NRHF,0,Fuse 5 A 1206 32 V FAST,,F,5 A,Device:Fuse,Fuse:Fuse_1206_3216Metric,1206,0.56 mm,5 A,,32 V,,50A@32VDC,1.6,FAST,0.011,- 55°C,90°C,SMT,,,2025-08-06 / BLU,,,Littelfuse Inc.,0466005.NRHF,https://www.littelfuse.com/assetdocs/fuse-466-datasheet?assetguid=dbe9bcd7-6072-4adf-bf5b-d33e52a6b90f,,,DIGIKEY,F6019CT-ND,ACTIVE,
Passive Component / Fuse,specific,F_1206_5A_32V_FAST_AEMComponents_F1206FA5000V032TM,0,Fuse 5 A 1206 32 V FAST,,F,5 A,Device:Fuse,Fuse:Fuse_1206_3216Metric,1206,0.56 mm,5 A,,32 V,,50A@32VDC,1.6,FAST,0.011,- 55°C,90°C,SMT,,,2025-08-06 / BLU,,,AEM Components,F1206FA5000V032TM,https://aemcomponents.media.zestyio.com/AEM-F1206FA.pdf,,,DIGIKEY,5673-F1206FA5000V032TMCT-ND,ACTIVE,
Passive Component / Fuse,specific,F_1206_5A_32V_FAST_BelFuseInc_C1F5,0,Fuse 5 A 1206 32 V FAST,,F,5 A,Device:Fuse,Fuse:Fuse_1206_3216Metric,1206,0.56 mm,5 A,,32 V,,50A@32VDC,1.6,FAST,0.011,- 55°C,90°C,SMT,,,2025-08-06 / BLU,,,Bel Fuse Inc.,C1F 5,https://www.belfuse.com/media/datasheets/products/circuit-protection/ds-cp-c1f-series.pdf,,,DIGIKEY,5923-C1F5CT-ND,ACTIVE,